Address,LAT,LONG,Price_per_perch,Road,City,School,Hospital,index
120 kotagedara junchion,6.77650124,79.92694831,5.13,450.00,1146.00,2678.00,3117.00,1
130 batakatthara junchion,6.782965968,79.92321303,6.25,220.00,1971.00,1911.00,2363.00,2
130 gonamaditta road,6.789807636,79.93364113,8.11,850.00,1037.00,1707.00,2008.00,3
130 jayanthi road,6.8012162,79.91764589,11.36,270.00,568.00,530.00,706.00,4
130 kahapola bolgoda lake,6.756411178,79.93471366,8.69,450.00,1251.00,5055.00,4812.00,5
130 kotagedara junchion,6.775924054,79.92597773,5.88,400.00,1132.00,2723.00,3167.00,6
130 kotagedara junchion,6.776511711,79.92427138,6.93,330.00,1285.00,2635.00,3085.00,7
130 kotagedara junchion,6.777289444,79.92488293,6.19,340.00,1323.00,2556.00,3004.00,8
130 nilkamal junchion new city skeem,6.779056929,79.92595223,6.98,153.00,1451.00,2378.00,2820.00,9
2 kanuwa junction  egodawatta road,6.847166189,79.90773548,5.29,400.00,949.00,2414.00,1227.00,10
2 kanuwa road kotagedara,6.776932742,79.92297612,8.50,300.00,1407.00,2580.00,3034.00,11
255  jayanthi road piliyandala town,6.801338125,79.91712869,10.99,270.00,624.00,589.00,650.00,12
255 road ekamuthu uyana,6.781599223,79.93157589,7.99,140.00,1639.00,2305.00,2700.00,13
255 suwarapola jayanthi road,6.800967282,79.91710643,10.90,230.00,631.00,584.00,672.00,14
"3rd Lane,Niwanthidiya",6.825469886,79.92696807,10.71,160.00,1271.00,2096.00,1673.00,15
BATAKETHHTHARATA,6.784337103,79.9223976,8.03,20.00,1900.00,1755.00,2210.00,16
Batakettara - Gadabuwana road,6.785043796,79.92531828,8.38,350.00,1882.00,1710.00,2151.00,17
"Batakettara, Piliyandala",6.786247206,79.9240947,7.18,250.00,1733.00,1556.00,2003.00,18
batuwandara piliyandala,6.764571827,79.94693097,9.03,170.00,1638.00,4812.00,4012.00,19
Bokundara,6.816892212,79.92013368,8.54,300.00,315.00,1882.00,1034.00,20
"Bokundara Road, Makuluduwa,Piliyandala",6.814268363,79.92947541,11.37,100.00,605.00,1767.00,1114.00,21
Bolgoda,6.742435355,79.93922981,7.95,500.00,2884.00,5989.00,5231.00,22
Bolgoda,6.736926848,79.93456725,6.19,350.00,3363.00,7162.00,5994.00,23
"boralesgamuwa, neelammahara road, isuru uyana",6.823817761,79.92137762,9.70,250.00,703.00,2427.00,1749.00,24
"Dampe, Piliyandala",6.770109844,79.91647811,8.42,60.00,1619.00,3400.00,3856.00,25
gagabada road suwarapola junchion,6.798557866,79.91076563,13.10,220.00,151.00,1293.00,1472.00,26
"Galwathkada Amuna Road, Heraliyawala",6.77080658,79.96233417,7.35,500.00,1762.00,5522.00,2263.00,27
gangarama road piliyandala,6.806250559,79.91285909,7.82,130.00,948.00,1251.00,866.00,28
gangarama road piliyandala,6.805986243,79.90894966,7.92,200.00,969.00,1621.00,1402.00,29
gonamadiththa road,6.78728015,79.93481045,7.84,160.00,1159.00,1996.00,2312.00,30
gonamaditta road,6.786488214,79.93360584,8.22,100.00,1309.00,1971.00,2312.00,31
kasbawa Piliyandala,6.791036097,79.93854787,9.03,450.00,587.00,2073.00,2288.00,32
"Kela Pansala Road, Madapatha",6.771923615,79.93090363,8.09,560.00,560.00,3280.00,3705.00,33
kesbawa,6.799047831,79.9344581,9.07,350.00,788.00,1360.00,1422.00,34
kesbawa,6.804239566,79.91846767,9.44,570.00,548.00,625.00,1444.00,35
"Kesbewa, Piliyandala",6.786943357,79.95111577,7.71,790.00,900.00,3527.00,2780.00,36
"Kospalanwatte, Suwarapola",6.795281939,79.91711141,4.60,760.00,645.00,787.00,1073.00,37
kotagedara madapatha road,6.777861727,79.92183264,7.03,430.00,1566.00,2476.00,2932.00,38
Kotagethara Piliyandala,6.777404818,79.91995094,5.94,800.00,1670.00,2540.00,2997.00,39
madapath piliyandala,6.770197093,79.93233571,8.76,250.00,411.00,3512.00,3931.00,40
Madapatha,6.772556802,79.9301256,7.99,220.00,632.00,3188.00,3616.00,41
Madapatha,6.772582417,79.93556673,6.72,1300.00,835.00,3401.00,3797.00,42
Madapatha,6.768691916,79.92825379,9.33,460.00,334.00,3559.00,3998.00,43
Madapatha junction,6.766650452,79.93269662,10.42,220.00,228.00,3899.00,3723.00,44
Madapatha Piliyandala,6.767772501,79.93259531,10.84,160.00,236.00,3777.00,3699.00,45
madapatha road,6.781410278,79.92505681,7.81,215.00,1731.00,2104.00,2549.00,46
"Madapatha road, Kolamunna, Piliyandala",6.793965163,79.92464881,8.02,200.00,893.00,733.00,1059.00,47
makandana,6.776164816,79.95101774,8.88,50.00,409.00,4162.00,2987.00,48
Makandana,6.779476805,79.95072253,8.42,210.00,207.00,3910.00,2907.00,49
Makandana,6.778454195,79.95079383,8.97,110.00,226.00,3984.00,2929.00,50
Makandana,6.774619999,79.95106065,8.23,150.00,560.00,4278.00,3048.00,51
makandana,6.773644132,79.9510671,9.23,140.00,660.00,4351.00,3094.00,52
makandana piliyandala,6.776463124,79.95068514,8.31,135.00,361.00,4112.00,3010.00,53
makandana piliyandala,6.77857442,79.94786226,10.23,230.00,131.00,3721.00,3240.00,54
Makandana road piliyandala,6.775970128,79.95195281,8.76,60.00,493.00,4256.00,2898.00,55
Makuluduwa Road,6.814940705,79.92664534,9.03,170.00,910.00,1720.00,970.00,56
mandavila road,6.78898483,79.93298015,8.81,500.00,1153.00,1718.00,2040.00,57
mandavila road piliyandala town,6.794031514,79.93457953,10.97,150.00,716.00,1527.00,1735.00,58
mandavila road piliyandala town,6.793071416,79.93473763,9.44,480.00,737.00,1592.00,1820.00,59
Mandawila Road,6.792158665,79.93310648,8.42,120.00,945.00,1495.00,1767.00,60
"Mihira Mawatha, Makuluduwa",6.816366243,79.93308104,8.68,190.00,226.00,2171.00,1669.00,61
Miriswattha - Piliyandala junction,6.797692926,79.93094465,13.96,150.00,991.00,1001.00,1064.00,62
miriswattha Junction - Piliyandala,6.797190317,79.93063626,8.83,64.00,1017.00,985.00,1074.00,63
"Nalinpriya Mawatha,Kebewa",6.790544578,79.96907465,5.61,400.00,2579.00,5314.00,1041.00,64
Near Hadigama Bus station,6.794236997,79.91130488,10.01,100.00,400.00,1385.00,1687.00,65
"No 333/2,thewaththa rd,koralaima,Gonapola junction",6.772214412,80.00206542,6.12,450.00,4967.00,8304.00,3263.00,66
piliyandala,6.808384578,79.94822211,6.44,380.00,1625.00,3029.00,2870.00,67
piliyandala,6.821530501,79.94561433,7.76,540.00,1387.00,2677.00,2955.00,68
piliyandala,6.790656929,79.91492284,8.69,350.00,863.00,1333.00,1739.00,69
piliyandala,6.788933912,79.92753699,6.02,540.00,1524.00,1374.00,1781.00,70
Piliyandala,6.818742002,79.93147218,13.77,400.00,534.00,2311.00,1729.00,71
Piliyandala,6.815733083,79.90950701,8.12,550.00,981.00,2245.00,1243.00,72
Piliyandala,6.821048661,79.93170148,8.03,950.00,727.00,2554.00,1948.00,73
Piliyandala,6.810860418,79.91374515,7.53,550.00,972.00,1527.00,877.00,74
Piliyandala,6.788822065,79.92935935,7.98,300.00,1489.00,1483.00,1863.00,75
piliyandala,6.791976249,79.93150723,8.22,530.00,1115.00,1369.00,1673.00,76
piliyandala,6.840041117,79.91368275,8.24,450.00,1337.00,1790.00,701.00,77
Piliyandala,6.800202225,79.97275543,4.48,730.00,3540.00,5320.00,1645.00,78
piliyandala,6.776762051,79.93479497,8.89,60.00,1190.00,2948.00,3335.00,79
Piliyandala,6.797034701,79.95138273,10.38,220.00,1189.00,3256.00,3019.00,80
piliyandala,6.809570347,79.93231883,13.07,130.00,696.00,1534.00,1218.00,81
piliyandala,6.79452838,79.93443168,10.93,150.00,719.00,1488.00,1687.00,82
Piliyandala  Kahathuduwa,6.783739796,79.99673064,5.47,400.00,5348.00,8040.00,2309.00,83
piliyandala  makandana,6.775110079,79.95113575,8.91,170.00,516.00,4248.00,3019.00,84
Piliyandala / kesbewa,6.776881336,79.94779145,9.22,300.00,282.00,3839.00,3300.00,85
piliyandala /Miriswatta,6.817502592,79.93572516,10.95,240.00,265.00,2446.00,1979.00,86
Piliyandala |  Kahathuduwa,6.78395628,79.9979719,5.42,700.00,5487.00,8001.00,2445.00,87
piliyandala bokundara,6.818248295,79.92087326,11.58,350.00,337.00,2024.00,1276.00,88
Piliyandala Dampe,6.766693248,79.92043943,10.01,75.00,1138.00,3724.00,4181.00,89
Piliyandala Dampe near bolgoda lake,6.769117474,79.91519541,7.34,270.00,1739.00,3538.00,3992.00,90
piliyandala kasbawa,6.780225382,79.95318877,9.19,550.00,493.00,4089.00,2621.00,91
piliyandala kesbawa,6.7817812,79.95116541,9.06,400.00,386.00,3806.00,2807.00,92
Piliyandala Kesbawa junction near Rocell,6.793868115,79.94255339,8.11,96.00,295.00,2360.00,2484.00,93
Piliyandala Kesbewa Kidelpitiya,6.756449684,79.96079988,5.56,600.00,2854.00,6478.00,3681.00,94
Piliyandala Madapatha Kate Garden,6.763319424,79.92906245,7.20,450.00,436.00,4163.00,4603.00,95
Piliyandala Madapatha Road,6.778494188,79.92688457,12.63,190.00,1357.00,2459.00,2897.00,96
"Piliyandala Town, Miriswatta Junction",6.796757856,79.92981896,8.19,140.00,966.00,918.00,1042.00,97
"Piliyandala, Bypass Road (800M away to Piliyandala town).",6.80157853,79.93214027,13.64,130.00,767.00,1109.00,983.00,98
"Piliyandala, Miriswatta, Facing Gonamaditta Road",6.783176065,79.9349233,7.81,700.00,1550.00,2352.00,2703.00,99
"Polhena Juction, Madapatha, Piliyandala",6.762546273,79.93620166,7.19,350.00,783.00,4458.00,4871.00,100
,6.775951148,79.98306428,6.14,1000.00,3820.00,7278.00,2143.00,101
,6.763925624,79.96308553,6.09,770.00,2317.00,5068.00,2830.00,102
,6.761962811,79.96402272,5.81,590.00,3845.00,5439.00,3406.00,103
,6.759529862,79.95988368,5.07,650.00,3150.00,5865.00,4052.00,104
,6.788016349,80.00100255,5.71,900.00,4582.00,8054.00,3784.00,105
,6.772541653,79.98251091,6.28,1400.00,3813.00,7370.00,1839.00,106
,6.780965757,79.9846744,5.93,550.00,3987.00,7262.00,997.00,107
,6.78182209,80.00633223,6.18,900.00,4398.00,7063.00,3395.00,108
,6.769390716,79.96000714,6.04,410.00,1647.00,5413.00,2555.00,109
,6.778699157,79.97229794,6.58,450.00,2605.00,6054.00,995.00,110
,6.780148115,79.9734137,6.87,400.00,3033.00,6776.00,1970.00,111
,6.780001278,80.00269278,5.38,400.00,4687.00,8268.00,3031.00,112
,6.782498288,80.00460971,6.31,600.00,5211.00,8082.00,3196.00,113
,6.775532265,79.99697089,5.62,750.00,5365.00,8049.00,2590.00,114
,6.786522406,79.9948358,6.52,650.00,5178.00,7865.00,2089.00,115
,6.787124259,79.98805012,5.59,850.00,4447.00,7396.00,1340.00,116
,6.777630333,79.99439709,6.19,500.00,5067.00,8105.00,2232.00,117
,6.781823852,80.0013979,5.40,300.00,5850.00,8319.00,2852.00,118
,6.782872805,79.99759655,5.86,370.00,5435.00,8074.00,2416.00,119
,6.784806392,79.98393851,5.97,500.00,3950.00,7068.00,982.00,120
,6.792132429,79.97831699,6.96,950.00,3578.00,6298.00,698.00,121
,6.767162433,79.94474008,7.66,260.00,1413.00,4437.00,4056.00,122
,6.787733433,79.98521557,5.14,500.00,4153.00,7136.00,939.00,123
,6.77855233,79.95082955,9.17,110.00,227.00,3981.00,2922.00,124
,6.780542246,79.9518969,8.62,450.00,368.00,3950.00,2753.00,125
,6.764412817,79.94527898,7.51,140.00,1649.00,4725.00,4172.00,126
,6.77649711,79.94976847,9.19,400.00,313.00,4032.00,3105.00,127
,6.766230194,79.94719349,10.55,50.00,1451.00,4679.00,3582.00,128
,6.78362866,79.95002132,13.73,450.00,513.00,3590.00,2909.00,129
,6.822253468,79.90802963,13.98,450.00,1168.00,2930.00,550.00,130
Makandana East       ,6.777049762,79.94754098,10.75,300.00,279.00,3806.00,3321.00,131
,6.780970371,79.94496606,11.99,270.00,480.00,3303.00,2803.00,132
,6.78079991,79.94475149,9.73,350.00,495.00,3297.00,3529.00,133
,6.774944854,79.94622768,8.89,300.00,555.00,3865.00,3534.00,134
,6.775401186,79.94391699,9.85,120.00,694.00,3654.00,3760.00,135
,6.774402953,79.94444256,10.40,183.00,725.00,3777.00,3741.00,136
,6.775961147,79.94290784,7.98,230.00,755.00,3534.00,3849.00,137
,6.774370347,79.94371444,9.35,320.00,785.00,3727.00,3818.00,138
,6.776599616,79.94175567,8.20,350.00,843.00,3397.00,3729.00,139
,6.774144065,79.94188301,9.30,700.00,959.00,3620.00,3965.00,140
,6.773381411,79.94211089,6.99,500.00,991.00,3703.00,4024.00,141
,6.779252859,79.93968812,8.29,630.00,1023.00,3023.00,3355.00,142
,6.776252166,79.93984716,9.05,450.00,1057.00,3297.00,3646.00,143
,6.784336955,79.93895791,7.68,550.00,1246.00,2554.00,2852.00,144
,6.776536443,79.93758875,7.92,740.00,1291.00,3128.00,3493.00,145
Batuwandara North    ,6.775434005,79.9423784,9.18,350.00,835.00,3541.00,3875.00,146
,6.774096855,79.94239991,9.61,350.00,916.00,3659.00,3967.00,147
,6.770985895,79.94518941,7.57,450.00,999.00,4123.00,3811.00,148
,6.776257975,79.94027504,8.57,500.00,1011.00,3325.00,3670.00,149
,6.7700107,79.94747457,7.65,650.00,1030.00,4368.00,3635.00,150
,6.771305515,79.94383758,6.70,750.00,1039.00,4003.00,3933.00,151
,6.770145102,79.94557973,6.00,450.00,1069.00,4224.00,3814.00,152
,6.769579564,79.94400924,7.27,550.00,1197.00,4170.00,3998.00,153
,6.76962218,79.94392341,7.53,540.00,1197.00,4160.00,4005.00,154
,6.768368899,79.9471953,8.17,350.00,1216.00,4490.00,3753.00,155
,6.767505931,79.9455059,7.12,450.00,1351.00,4454.00,3964.00,156
,6.76723567,79.94415944,6.26,600.00,1428.00,4394.00,4108.00,157
,6.766467364,79.94615802,5.67,520.00,1445.00,4590.00,3963.00,158
Madapatha            ,6.766873963,79.93186065,11.79,200.00,133.00,3849.00,3575.00,159
,6.765619852,79.93026581,9.04,250.00,149.00,3939.00,4374.00,160
,6.768880538,79.9300034,10.10,165.00,233.00,3580.00,3812.00,161
,6.765795011,79.92843579,8.54,560.00,277.00,3879.00,4320.00,162
,6.769323542,79.93189818,9.76,190.00,303.00,3589.00,3512.00,163
,6.766164383,79.92785769,10.29,400.00,323.00,3828.00,3770.00,164
,6.763970172,79.9313784,9.04,230.00,335.00,4147.00,3878.00,165
,6.769818885,79.93155122,9.89,150.00,340.00,3525.00,3949.00,166
,6.76450789,79.92870781,9.09,270.00,344.00,4026.00,4466.00,167
,6.767286192,79.92738125,9.33,800.00,368.00,3696.00,3840.00,168
,6.76825652,79.92686621,6.82,950.00,449.00,3581.00,4026.00,169
,6.771583305,79.93175569,7.98,500.00,535.00,3345.00,3765.00,170
,6.772126823,79.93335929,7.77,450.00,654.00,3349.00,3759.00,171
Suwarapola West      ,6.796927013,79.91127805,15.65,100.00,117.00,1275.00,1509.00,172
,6.798282252,79.90989958,14.21,120.00,228.00,1393.00,1572.00,173
,6.795581797,79.91138233,13.20,240.00,252.00,1313.00,1585.00,174
,6.798437072,79.90910402,11.43,250.00,318.00,1478.00,1646.00,175
,6.795134352,79.91079761,12.18,270.00,319.00,1393.00,1667.00,176
,6.794782787,79.91186513,10.77,100.00,335.00,1302.00,1600.00,177
,6.794905302,79.91052402,11.77,280.00,355.00,1431.00,1707.00,178
,6.79733635,79.90835691,11.89,190.00,396.00,1580.00,1772.00,179
,6.794521777,79.91005195,11.06,180.00,417.00,1496.00,1775.00,180
,6.794464494,79.90936297,10.68,150.00,464.00,1569.00,1840.00,181
,6.794116497,79.90962736,10.09,260.00,480.00,1558.00,1840.00,182
,6.792801691,79.90939575,10.87,270.00,620.00,1648.00,1952.00,183
,6.792162936,79.91272272,9.64,340.00,633.00,1383.00,1742.00,184
,6.791117893,79.91353338,9.35,600.00,765.00,1396.00,1979.00,185
,6.790240675,79.91149072,8.68,350.00,841.00,1627.00,1994.00,186
Egodawatta           ,6.851244713,79.90747916,9.58,220.00,892.00,2545.00,817.00,187
,6.850349926,79.90824091,8.36,500.00,905.00,2434.00,818.00,188
,6.848762739,79.90606295,8.79,130.00,951.00,2628.00,1216.00,189
,6.851042321,79.9068247,9.27,290.00,961.00,2607.00,889.00,190
,6.849316657,79.90875589,6.55,560.00,964.00,2349.00,867.00,191
,6.850413839,79.90720021,8.62,500.00,978.00,2547.00,899.00,192
,6.847356636,79.90798342,7.84,500.00,983.00,2390.00,1094.00,193
Makuludoowa          ,6.814396771,79.93402406,13.36,120.00,134.00,2057.00,1627.00,194
,6.814433707,79.93328008,16.29,120.00,196.00,2009.00,1560.00,195
,6.813362555,79.93511213,14.40,150.00,219.00,2052.00,1679.00,196
,6.813935067,79.932285,12.67,230.00,320.00,1898.00,1437.00,197
,6.81326098,79.93195021,12.15,420.00,392.00,1816.00,1365.00,198
,6.812042933,79.93696083,10.59,190.00,434.00,2105.00,1803.00,199
,6.813914016,79.93009165,9.59,130.00,548.00,1764.00,1239.00,200
,6.813320313,79.92883846,9.96,360.00,701.00,1641.00,1590.00,201
Mampe North          ,6.808971527,79.92597168,14.69,240.00,408.00,1068.00,601.00,202
,6.808571098,79.92388277,13.96,170.00,454.00,958.00,478.00,203
,6.809944261,79.9243469,14.00,350.00,560.00,1118.00,620.00,204
,6.809201249,79.92271771,12.18,180.00,591.00,1012.00,549.00,205
,6.811992179,79.92408732,8.65,340.00,684.00,937.00,595.00,206
Rattanapitiya        ,6.851245527,79.8984505,19.27,120.00,334.00,2354.00,1824.00,207
,6.849191005,79.9010192,20.20,370.00,399.00,2679.00,1648.00,208
,6.847144626,79.90126311,20.12,210.00,439.00,2897.00,1745.00,209
Batakettara North,6.785240342,79.92062266,6.28,220.00,1701.00,1665.00,2122.00,210
,6.786113944,79.92407735,8.15,350.00,1747.00,1570.00,2018.00,211
,6.786199173,79.92553647,5.91,450.00,1759.00,1590.00,2027.00,212
,6.786028714,79.92669518,7.80,800.00,1805.00,1642.00,2069.00,213
Mahalwarawa,6.839683503,79.95874011,13.84,290.00,499.00,734.00,1029.00,214
,6.840112484,79.95404836,12.39,250.00,582.00,447.00,731.00,215
,6.832716729,79.96097171,8.06,300.00,1313.00,1496.00,1903.00,216
,6.833803297,79.96373975,7.93,360.00,1329.00,1590.00,1988.00,217
,6.789738531,79.92731996,8.52,300.00,1432.00,1283.00,1688.00,218
Kesbewa South,6.788847792,79.9381181,10.24,380.00,830.00,2162.00,2417.00,219
,6.785043774,79.93960102,9.62,750.00,1207.00,2554.00,2839.00,220
,6.786000917,79.93581959,8.58,260.00,1224.00,2176.00,2493.00,221
,6.784037545,79.93708006,8.08,800.00,1374.00,2431.00,2752.00,222
,6.784258424,79.93347164,9.34,170.00,1521.00,2159.00,2520.00,223
Kahapola,6.757213327,79.93040102,7.79,240.00,1078.00,4858.00,5197.00,224
,6.753896966,79.93049067,8.46,320.00,1447.00,5223.00,5363.00,225
,6.753919223,79.92703906,8.71,270.00,1499.00,5167.00,5415.00,226
,6.752405709,79.92775628,6.63,350.00,1645.00,5343.00,4990.00,227
,6.750691871,79.93073722,7.76,300.00,1803.00,5579.00,5920.00,228
Mampe South,6.79563831,79.92755483,8.78,400.00,868.00,770.00,993.00,229
,6.795531775,79.92909978,8.40,260.00,992.00,914.00,1096.00,230
,6.793514576,79.92725216,9.01,530.00,1047.00,919.00,1291.00,231
,6.792340643,79.93114344,6.53,560.00,1138.00,1312.00,1617.00,232
Kesbewa East,6.791575928,79.93919958,11.49,240.00,504.00,2109.00,2307.00,233
,6.792896967,79.93688215,10.92,300.00,541.00,1812.00,2013.00,234
,6.791235014,79.94196762,13.99,110.00,528.00,2403.00,2579.00,235
,6.793195265,79.94293321,14.28,140.00,380.00,2423.00,2557.00,236
,6.793323107,79.94166721,12.93,100.00,296.00,2285.00,2427.00,237
Mavittara South,6.795841962,79.94260368,13.92,160.00,205.00,2311.00,1796.00,238
,6.796310714,79.94408426,13.55,250.00,374.00,2463.00,2530.00,239
,6.800273779,79.94075832,13.90,400.00,495.00,2056.00,2049.00,240
,6.802489673,79.94256076,9.33,350.00,768.00,2272.00,2211.00,241
,6.801658714,79.93925628,10.00,170.00,670.00,1897.00,1856.00,242
,6.803511025,79.93335906,14.32,180.00,805.00,1289.00,1081.00,243
,6.803148813,79.93451777,12.15,240.00,940.00,1403.00,1313.00,244
,6.805876048,79.93479672,10.42,450.00,942.00,1533.00,1351.00,245
,6.807090516,79.93353072,13.33,270.00,823.00,1473.00,1240.00,246
Mampe East,6.806153032,79.93142787,15.96,300.00,572.00,1220.00,887.00,247
,6.815158927,79.92134533,13.82,350.00,543.00,1677.00,831.00,248
,6.815755496,79.92190323,11.26,350.00,549.00,1741.00,898.00,249
Bokundara,6.817459975,79.91992912,13.88,190.00,262.00,1948.00,1100.00,250
,6.821145891,79.91836271,12.20,220.00,292.00,2380.00,1419.00,251
,6.820229741,79.91413555,15.93,290.00,453.00,2415.00,978.00,252
,6.855719496,79.88563381,18.19,220.00,566.00,1730.00,3165.00,253
Pepiliyana West,6.857352928,79.88764059,17.53,200.00,338.00,1535.00,2944.00,254
,6.858986354,79.88765867,18.79,300.00,413.00,1357.00,2956.00,255
,6.860081285,79.88539878,18.79,400.00,689.00,1246.00,2920.00,256
,6.856006693,79.88438635,16.16,300.00,698.00,1709.00,2804.00,257
,6.824595498,79.90060768,10.24,270.00,1843.00,3638.00,676.00,258
,6.823058419,79.90160746,10.23,130.00,1876.00,3436.00,650.00,259
,6.823570779,79.90476805,8.33,240.00,1559.00,3257.00,455.00,260
,6.821489314,79.89965628,5.79,350.00,2051.00,3463.00,978.00,261
Werahera South,6.820928918,79.9054937,10.54,400.00,1400.00,2975.00,696.00,262
,6.825248247,79.90156218,8.20,190.00,1767.00,3624.00,653.00,263
,6.838300145,79.89313866,14.31,300.00,1005.00,3633.00,2005.00,264
,6.8393867,79.89474799,19.43,300.00,799.00,3532.00,1958.00,265
,6.839194955,79.89725853,15.82,210.00,741.00,3600.00,1761.00,266
Boralesgamuwa West A,6.838513195,79.89968325,15.95,310.00,769.00,3347.00,1547.00,267
,6.8381084,79.89558484,16.26,270.00,761.00,3686.00,1791.00,268
,6.773371182,79.93673443,11.81,450.00,987.00,3382.00,3767.00,269
,6.773008947,79.93911623,12.14,240.00,1160.00,3550.00,3920.00,270
,6.774777501,79.93885874,11.48,750.00,1218.00,3369.00,2533.00,271
Makandana West,6.773839955,79.9433434,13.54,260.00,855.00,3747.00,3877.00,272
,6.776780435,79.9392879,12.62,300.00,1100.00,3213.00,3563.00,273
,6.80091549,79.93213845,10.77,140.00,809.00,1100.00,1005.00,274
,6.801725629,79.92933675,11.46,200.00,520.00,805.00,710.00,275
Mampe West,6.803070762,79.92696607,16.21,350.00,260.00,616.00,534.00,276
,6.800747348,79.92662741,17.01,210.00,449.00,489.00,627.00,277
,6.801893771,79.92568837,13.87,230.00,331.00,428.00,465.00,278
,6.801177981,79.92767733,5.95,400.00,500.00,450.00,570.00,279
,6.80031603,79.92885341,5.91,450.00,700.00,980.00,730.00,280
Wewala East,6.824564527,79.9098493,6.12,300.00,805.00,500.00,654.00,281
,6.823850788,79.90967764,6.32,350.00,600.00,640.00,770.00,282
,6.821922621,79.90946306,6.44,350.00,700.00,550.00,800.00,283
,6.823690975,79.91256374,19.24,140.00,819.00,2837.00,665.00,284
,6.826311566,79.91441983,18.26,140.00,942.00,2581.00,746.00,285
,6.825928066,79.91123336,13.34,150.00,1101.00,2851.00,546.00,286
Katuwawala South,6.825086495,79.91499919,17.85,150.00,791.00,2649.00,825.00,287
,6.826034594,79.91141575,15.80,120.00,1097.00,2829.00,565.00,288
,6.832451146,79.91098477,12.96,260.00,1412.00,2413.00,701.00,289
Katuwawala North,6.832813336,79.90943982,14.08,260.00,1262.00,2539.00,702.00,290
,6.832429841,79.91034104,10.84,290.00,1363.00,2474.00,960.00,291
,6.832557673,79.91291596,9.47,140.00,1569.00,2228.00,850.00,292
,6.833986393,79.9124664,10.54,190.00,1436.00,2182.00,936.00,293
,6.859764422,79.89099097,16.27,450.00,339.00,1234.00,2599.00,294
Pepiliyana East,6.858209222,79.89214969,18.78,140.00,236.00,1418.00,2450.00,295
,6.85980703,79.89103389,18.22,400.00,344.00,1230.00,2595.00,296
,6.861767,79.89019704,15.40,100.00,561.00,1011.00,2728.00,297
,6.859892246,79.89189219,18.50,280.00,378.00,1229.00,2502.00,298
,6.814839336,79.92033682,14.24,180.00,499.00,1653.00,805.00,299
,6.816913615,79.92195265,13.35,200.00,492.00,1870.00,1027.00,300
,6.814292972,79.92180245,10.73,300.00,648.00,1579.00,735.00,301
Bokundara,6.817744547,79.91622346,15.07,160.00,204.00,2074.00,1354.00,302
,6.821328509,79.91865476,14.68,240.00,319.00,2395.00,1440.00,303
,6.784620231,79.95532697,11.65,600.00,939.00,4061.00,2312.00,304
,6.781551955,79.95828813,7.62,1000.00,1079.00,4507.00,2035.00,305
,6.784748076,79.96120637,8.10,290.00,1505.00,4656.00,1659.00,306
,6.780529191,79.95266622,16.63,400.00,447.00,4022.00,2670.00,307
Halpita,6.782446871,79.95056336,17.36,500.00,410.00,3710.00,2863.00,308
,6.795998102,79.91708226,11.18,400.00,612.00,738.00,1008.00,309
Suwarapola East,6.795316281,79.91431422,16.57,170.00,386.00,1035.00,1362.00,310
,6.794464002,79.91598792,14.28,450.00,588.00,941.00,1318.00,311
,6.797191287,79.91791911,13.64,450.00,675.00,584.00,846.00,312
,6.798299242,79.91892762,16.98,270.00,571.00,424.00,721.00,313
Mavittara North,6.806999301,79.93803351,10.17,170.00,991.00,1913.00,1727.00,314
,6.804783428,79.9373254,9.31,290.00,1067.00,1753.00,1621.00,315
,6.805699607,79.94127361,10.68,150.00,1100.00,2203.00,2066.00,316
,6.805188252,79.94262545,10.13,500.00,1062.00,2333.00,2212.00,317
Bangalawatta,6.837107748,79.961406,11.17,550.00,880.00,1146.00,1541.00,318
,6.837138282,79.96314868,12.20,290.00,987.00,1293.00,1676.00,319
,6.835255323,79.96382525,11.06,250.00,1199.00,1484.00,1876.00,320
,6.777842492,79.92728725,9.11,100.00,1274.00,2540.00,2976.00,321
Batakettara South,6.777277436,79.93119289,9.25,260.00,1156.00,2727.00,3140.00,322
,6.777778569,79.92293134,9.30,400.00,1485.00,2486.00,2940.00,323
,6.781422174,79.9281241,7.25,280.00,1640.00,2179.00,2604.00,324
,6.781230406,79.92949739,8.74,240.00,1600.00,2249.00,2664.00,325
,6.767913142,79.94419461,8.18,260.00,1356.00,4334.00,4067.00,326
,6.764461209,79.94687682,7.52,180.00,1651.00,4819.00,4024.00,327
,6.7667625,79.94436627,7.18,200.00,1469.00,4451.00,4115.00,328
Batuwandara South,6.768360613,79.94181281,8.98,230.00,1251.00,4148.00,4277.00,329
,6.773827424,79.92323818,6.87,500.00,1130.00,2927.00,3380.00,330
,6.771524964,79.92274718,8.78,500.00,1020.00,3181.00,3636.00,331
Dampe2,6.76778683,79.92473848,7.67,750.00,667.00,3607.00,4058.00,332
,6.769357933,79.92029215,6.07,240.00,1186.00,3429.00,3886.00,333
,6.793735857,79.93154986,8.89,290.00,1051.00,1252.00,2121.00,334
Kesbewa North,6.792393513,79.93448956,11.36,400.00,796.00,1607.00,1852.00,335
,6.792478742,79.93114216,9.35,450.00,1133.00,1301.00,1604.00,336
,6.794311145,79.93054135,8.32,280.00,1150.00,1123.00,1401.00,337
Erewwala East,6.834858488,79.94273191,5.90,500.00,1494.00,1612.00,1728.00,338
,6.836240646,79.94363311,8.00,250.00,1311.00,1438.00,1545.00,339
,6.839152389,79.94169978,8.59,280.00,1189.00,1463.00,1464.00,340
,6.835596655,79.93965466,6.11,180.00,1631.00,1502.00,1895.00,341
,6.838052863,79.940512,9.43,220.00,1369.00,1428.00,1644.00,342
,6.834911322,79.94331153,7.48,450.00,1457.00,1559.00,1686.00,343
,6.840055985,79.94133409,7.32,350.00,1154.00,1423.00,1438.00,344
,6.839027057,79.94105915,6.36,350.00,1251.00,1436.00,1529.00,345
,6.837704146,79.94424208,10.36,140.00,1136.00,1287.00,1375.00,346
,6.838906454,79.9382258,8.62,350.00,1510.00,1160.00,1798.00,347
,6.836710455,79.93628308,4.92,500.00,1827.00,1143.00,1741.00,348
,6.839890959,79.94349788,10.07,240.00,990.00,1246.00,1258.00,349
,6.835429336,79.94130845,8.03,240.00,1528.00,1659.00,1780.00,350
,6.83588207,79.94038041,5.70,140.00,1554.00,1546.00,1815.00,351
Delthara West,6.78190025,79.91322106,7.81,220.00,1774.00,2263.00,2697.00,352
,6.783241594,79.91329694,8.42,270.00,1626.00,2127.00,2557.00,353
,6.783395129,79.91247231,7.47,310.00,1603.00,2157.00,2581.00,354
,6.783395129,79.91160903,5.28,440.00,1602.00,2207.00,2625.00,355
,6.7839453,79.91115806,4.81,410.00,1542.00,2183.00,2595.00,356
,6.784099739,79.91031783,5.24,670.00,1533.00,2224.00,2628.00,357
,6.784537008,79.91136209,8.48,270.00,1476.00,2116.00,2527.00,358
,6.785498997,79.91103497,8.24,190.00,1371.00,2052.00,2454.00,359
,6.785701562,79.91026333,5.75,220.00,1357.00,2088.00,2482.00,360
,6.785441008,79.90956986,5.72,310.00,1398.00,2160.00,2550.00,361
,6.78487337,79.9091013,7.72,415.00,1470.00,2242.00,2631.00,362
,6.78403587,79.90956986,4.78,500.00,1552.00,2280.00,2679.00,363
,6.783198368,79.91051635,6.10,510.00,1631.00,2292.00,2703.00,364
,6.78642834,79.9094659,7.03,350.00,1292.00,2086.00,2467.00,365
,6.787232973,79.90976635,8.50,160.00,1198.00,1998.00,2376.00,366
Kolamunna            ,6.796882335,79.92480333,8.43,300.00,590.00,456.00,746.00,367
,6.795229431,79.92398346,6.95,360.00,740.00,575.00,908.00,368
,6.796091119,79.92327148,8.72,350.00,634.00,461.00,804.00,369
,6.796356299,79.92251072,7.57,450.00,601.00,419.00,773.00,370
,6.795063421,79.92216972,9.67,450.00,747.00,562.00,918.00,371
,6.791606823,79.92323366,7.05,180.00,1131.00,952.00,1402.00,372
,6.790645462,79.92509267,6.96,120.00,1264.00,1099.00,1531.00,373
,6.791919513,79.92581499,8.79,200.00,1148.00,993.00,1409.00,374
,6.792198223,79.92350309,9.96,170.00,1067.00,891.00,1338.00,375
,6.792846025,79.92233736,7.95,350.00,993.00,809.00,1264.00,376
,6.793387629,79.92259403,9.45,400.00,931.00,749.00,1103.00,377
,6.796660491,79.92481617,11.24,270.00,613.00,477.00,770.00,378
,6.796751045,79.92352871,9.80,360.00,564.00,399.00,734.00,379
,6.796347249,79.92202783,7.78,550.00,607.00,420.00,777.00,380
Vishwakalawa         ,6.804189614,79.92978301,9.36,160.00,402.00,950.00,720.00,381
,6.804669011,79.93004051,8.42,220.00,417.00,1001.00,711.00,382
,6.805393432,79.9291822,11.05,380.00,315.00,967.00,676.00,383
,6.805041875,79.93021217,8.27,470.00,431.00,1039.00,733.00,384
,6.805627803,79.92732611,9.85,250.00,113.00,832.00,581.00,385
,6.806501368,79.9273583,10.60,280.00,172.00,908.00,621.00,386
,6.806384182,79.92805567,9.37,350.00,223.00,948.00,686.00,387
,6.80634157,79.92868867,10.71,450.00,284.00,994.00,650.00,388
,6.806522674,79.92872086,7.53,500.00,295.00,1011.00,660.00,389
,6.805894134,79.92950406,9.59,600.00,356.00,1029.00,712.00,390
,6.807055335,79.92915001,11.90,170.00,366.00,1087.00,717.00,391
,6.807108601,79.9298903,9.16,140.00,441.00,1150.00,755.00,392
,6.806840685,79.93021329,9.76,160.00,462.00,1157.00,778.00,393
,6.807586409,79.93052979,11.82,150.00,529.00,1238.00,842.00,394
Pelenwatta North     ,6.822218658,79.95237242,5.90,300.00,2099.00,2444.00,2791.00,395
,6.825418541,79.95088345,4.27,140.00,2112.00,2108.00,2438.00,396
,6.828091844,79.95161774,5.64,350.00,1889.00,1802.00,2138.00,397
,6.830198073,79.95312711,6.91,400.00,1613.00,1552.00,1907.00,398
,6.819072186,79.95086113,7.89,200.00,1834.00,2808.00,3144.00,399
Thumbovila South     ,6.813299927,79.91397837,7.56,800.00,728.00,1734.00,1009.00,400
,6.810011161,79.91236236,6.33,1400.00,1132.00,1559.00,981.00,401
,6.814417412,79.91542276,6.18,650.00,536.00,1765.00,986.00,402
Morenda,6.770791715,79.9511522,9.23,220.00,965.00,4578.00,3237.00,403
,6.769428,79.95349109,7.53,110.00,1198.00,4870.00,3103.00,404
,6.768511752,79.95175302,9.69,140.00,1227.00,4808.00,3320.00,405
,6.773689597,79.95033681,8.57,220.00,630.00,4288.00,3165.00,406
,6.774420744,79.94728013,8.12,600.00,557.00,3989.00,3445.00,407
Delthara East,6.775240451,79.91584651,4.89,800.00,1892.00,2859.00,3312.00,408
,6.780276463,79.91589956,7.19,170.00,1999.00,2319.00,2768.00,409
,6.783932982,79.91565122,7.80,140.00,1598.00,1946.00,2389.00,410
,6.787056832,79.91335291,9.23,200.00,1205.00,1760.00,2174.00,411
,6.788411965,79.91266999,7.68,180.00,1047.00,1685.00,2083.00,412
Divulpitiya West,6.84799037,79.89512353,11.37,240.00,271.00,2595.00,2298.00,413
,6.849098208,79.89463,8.76,230.00,332.00,2463.00,2303.00,414
,6.850078215,79.89306359,10.33,300.00,531.00,2329.00,2435.00,415
,6.85274127,79.89138989,7.87,270.00,453.00,2017.00,2553.00,416
,6.853167358,79.89250569,7.88,110.00,450.00,1980.00,2423.00,417
Pelenwatta East,6.82599677,79.95773103,7.49,150.00,2004.00,2063.00,2454.00,418
,6.82546413,79.95869663,7.03,220.00,2067.00,2145.00,2540.00,419
,6.825975464,79.95903995,7.38,110.00,2013.00,2100.00,2498.00,420
,6.830130033,79.9576452,5.00,550.00,1544.00,1613.00,2010.00,421
,6.82846821,79.95994117,8.92,140.00,1750.00,1869.00,2273.00,422
Hedigama,6.791164216,79.91115244,7.11,220.00,742.00,1589.00,1940.00,423
,6.790951145,79.91284759,8.42,350.00,768.00,1463.00,1839.00,424
,6.792485256,79.91325529,8.77,250.00,610.00,1315.00,1676.00,425
,6.79252787,79.91585167,8.58,400.00,733.00,1106.00,1507.00,426
,6.789054806,79.90952165,10.19,110.00,1007.00,1879.00,2236.00,427
Pelenwatta West,6.823490218,79.94543311,6.25,550.00,1492.00,2481.00,2749.00,428
,6.826515616,79.94279382,5.38,900.00,1531.00,2315.00,2531.00,429
,6.821870984,79.93923185,7.68,350.00,880.00,2720.00,2587.00,430
,6.824875086,79.93916747,5.68,500.00,1170.00,2415.00,2589.00,431
,6.81991085,79.94114158,7.34,450.00,871.00,3007.00,2625.00,432
Regidel Watta,6.753892762,79.93314004,5.56,350.00,1473.00,5283.00,5316.00,433
,6.755896332,79.93350975,6.33,270.00,1264.00,5076.00,5307.00,434
,6.756379829,79.93547755,5.21,270.00,1287.00,5083.00,5306.00,435
,6.752370822,79.9305682,6.13,190.00,1616.00,5391.00,5232.00,436
,6.755312107,79.9316231,4.73,61.00,1294.00,5092.00,5329.00,437
Jamburaliya,6.762056231,79.93747181,6.55,400.00,929.00,4559.00,4968.00,438
,6.764518337,79.94138807,6.29,280.00,1222.00,4495.00,4528.00,439
,6.762979522,79.94262775,5.48,300.00,1401.00,4711.00,4505.00,440
,6.760825173,79.94476902,4.47,400.00,1708.00,5037.00,4456.00,441
,6.759286346,79.94014839,4.86,950.00,1353.00,4959.00,4968.00,442
Honnanthara South,6.794221939,79.94781679,8.04,200.00,805.00,2916.00,3001.00,443
,6.794307167,79.95225853,7.79,350.00,1290.00,3397.00,2814.00,444
,6.794030176,79.94828886,7.80,180.00,861.00,2972.00,3057.00,445
,6.790003137,79.94790262,8.25,350.00,1025.00,3065.00,3169.00,446
,6.789726144,79.95043463,5.75,220.00,1188.00,3339.00,2886.00,447
Paligedara,6.816561786,79.9315807,11.77,210.00,386.00,2102.00,1559.00,448
,6.819502004,79.93263213,7.79,550.00,527.00,2445.00,1878.00,449
,6.816476562,79.92821185,11.31,200.00,746.00,1937.00,1309.00,450
,6.822506121,79.93037907,6.19,550.00,941.00,2414.00,2006.00,451
,6.821099941,79.93203131,8.69,750.00,715.00,2575.00,1975.00,452
Divulpitiya East,6.855148107,79.89532011,10.24,260.00,553.00,1827.00,2090.00,453
,6.853056382,79.89576106,9.02,250.00,555.00,2064.00,2067.00,454
,6.85376984,79.89618568,10.03,170.00,617.00,2003.00,2009.00,455
,6.854921098,79.89602237,7.76,300.00,635.00,1876.00,2014.00,456
,6.856575014,79.89532011,7.46,400.00,524.00,1676.00,2087.00,457
Bodhirajapura,6.82850034,79.90475237,9.49,110.00,1445.00,3234.00,564.00,458
,6.827928541,79.90565854,8.40,270.00,1533.00,3185.00,548.00,459
,6.827365151,79.90487094,8.55,190.00,1571.00,3293.00,684.00,460
,6.828172396,79.90625983,10.73,270.00,1527.00,3114.00,638.00,461
,6.82758378,79.90688653,7.42,350.00,1580.00,3096.00,462.00,462
Thumbovila West,6.803500207,79.91878219,9.53,600.00,679.00,642.00,696.00,463
,6.804885132,79.9182243,9.28,700.00,809.00,797.00,675.00,464
,6.804821212,79.92011257,8.53,300.00,647.00,677.00,520.00,465
,6.805694779,79.91496273,7.26,750.00,1044.00,1024.00,691.00,466
,6.801902211,79.91951176,11.71,350.00,357.00,367.00,590.00,467
Gorakapitiya,6.812973038,79.94993918,6.92,350.00,1702.00,3394.00,3176.00,468
,6.815103649,79.94466059,5.61,450.00,1096.00,2997.00,2721.00,469
,6.816509846,79.93942492,8.91,180.00,530.00,2639.00,2266.00,470
Kaliyammahara,6.819095934,79.9245943,9.86,220.00,752.00,2128.00,1410.00,471
,6.818275656,79.92735161,6.47,500.00,894.00,2098.00,1432.00,472
,6.817605776,79.928658,7.52,350.00,732.00,2072.00,1441.00,473
,6.818352832,79.93045116,9.81,350.00,592.00,2224.00,1625.00,474
,6.818377734,79.92731626,7.24,550.00,902.00,2108.00,1441.00,475
Niwanthidiya,6.823384284,79.92067969,7.51,400.00,621.00,2501.00,1582.00,476
,6.824193899,79.92353356,7.89,190.00,889.00,2311.00,1696.00,477
,6.825727904,79.92557204,8.90,250.00,1171.00,2092.00,1589.00,478
,6.826644043,79.92746032,7.78,160.00,1396.00,1960.00,1579.00,479
Nivungama,6.777168099,79.94800998,9.05,300.00,243.00,3836.00,3267.00,480
,6.77582571,79.95075656,8.53,100.00,426.00,4164.00,3028.00,481
,6.775847018,79.94796706,9.67,400.00,383.00,3932.00,3318.00,482
Honnanthara North,6.801635369,79.94682706,6.79,400.00,934.00,2736.00,2692.00,483
,6.803510351,79.948887,6.84,210.00,1244.00,2984.00,2907.00,484
,6.803297285,79.95101131,6.78,350.00,1411.00,3216.00,3144.00,485
,6.802146728,79.94560398,6.15,650.00,886.00,2605.00,2551.00,486
Nampamunuwa,6.810656049,79.9451883,7.41,180.00,1265.00,2806.00,2595.00,487
,6.808312355,79.94405104,5.90,450.00,1289.00,2588.00,2412.00,488
,6.810229924,79.94709803,4.85,350.00,1479.00,2982.00,2789.00,489
,6.813084956,79.94231297,7.76,300.00,870.00,2655.00,2388.00,490
Thumbovila North,6.813416636,79.91480353,6.78,850.00,667.00,1698.00,950.00,491
,6.815436632,79.91384055,9.09,600.00,567.00,1946.00,1287.00,492
Erewwala West,6.829995535,79.93074325,7.77,280.00,1696.00,1586.00,1505.00,493
,6.826288382,79.93417647,7.34,190.00,1224.00,2065.00,2066.00,494
,6.823902154,79.93409064,7.51,550.00,960.00,2319.00,2252.00,495
,6.822453366,79.93460563,8.77,250.00,796.00,2490.00,2270.00,496
Erewwala North,6.837645597,79.93651404,5.64,450.00,1746.00,1088.00,1753.00,497
,6.835557697,79.93649259,7.09,350.00,1888.00,1254.00,1789.00,498
,6.83074271,79.93797316,6.36,290.00,1753.00,1783.00,2127.00,499
,6.828441725,79.93782296,6.80,400.00,1500.00,1995.00,2237.00,500
