LAT,LONG,Price_per_perch,Road,City,School,Hospital,Neighbor
6.769357933,79.92029215,6.068,240,1186,3429,3886,6.59
6.825975464,79.95903995,7.383,110,2013,2100,2498,7.79
6.807590516,79.93303072,12.84,180,785,1457,1202,12.13
6.798557866,79.91076563,11.98,220,151,1293,1472,12.05
6.785406392,79.98343851,6.03,509,3907,6999,820,5.97
6.773089597,79.95063681,8.99,181,703,4358,3164,8.57
6.769545102,79.94587973,6.27,379,1121,4297,3815,6
6.821448661,79.93130148,8.14,823,788,2539,1960,8.81
6.785643796,79.92561828,8.63,430,1822,1652,2089,9.31
6.766693248,79.92043943,10.014,165,1138,3724,4181,10.33
6.829995535,79.93074325,7.769,280,1696,1586,1505,8.69
6.837110455,79.93668308,5.17,509,1765,1143,1779,5.34
6.813862555,79.93561213,13.51,331,183,2131,1753,13.5
6.840055985,79.94133409,7.323,350,1154,1423,1438,6.63
6.775110079,79.95113575,8.906,170,516,4248,3019,8.47
6.774944854,79.94622768,8.885,300,555,3865,3534,9.54
6.791762936,79.91232272,10.21,472,672,1446,1804,9.64
6.793868115,79.94255339,8.109,186,295,2360,2484,12.35
6.808571098,79.92388277,12.759,170,454,958,478,13.42
6.786543357,79.95141577,8.05,727,868,3576,2745,7.71
6.800967282,79.91710643,10.904,230,631,584,672,10.99
6.797691287,79.91751911,13.28,400,627,594,928,12.44
6.769597093,79.93273571,9.03,183,378,3589,4008,8.76
6.815436632,79.91384055,9.087,600,567,1946,1287,10.02
6.816509846,79.93942492,8.91,180,530,2639,2266,8.97
6.846566189,79.90813548,5.53,382,936,2362,1258,8.11
6.835829336,79.94160845,8.14,172,1473,1647,1725,8.03
6.791164216,79.91115244,7.114,220,742,1589,1940,9.56
6.807101368,79.9276583,10.84,318,245,981,632,10.6
6.850913839,79.90770021,9.39,509,899,2510,921,9.14
6.777861727,79.92183264,7.029,430,1566,2476,2932,7.42
6.787056832,79.91335291,9.234,200,1205,1760,2174,9.95
6.768213142,79.94369461,8.72,244,1348,4275,4100,8.18
6.800202225,79.97275543,3.781,730,3540,5320,1645,3.88
6.820002004,79.93293213,8.41,520,563,2510,1941,7.79
6.806984182,79.92855567,9.73,300,307,1035,714,10.77
6.837538282,79.96354868,11.81,378,983,1303,1680,11.4
6.820699941,79.93233131,8.86,703,661,2549,1959,8.69
6.783739796,79.99673064,5.174,400,5348,8040,2309,5.77
6.767286192,79.92738125,9.33,800,368,3696,3840,9.95
6.788616349,80.00140255,6.04,979,5937,8132,2835,5.41
6.777842492,79.92728725,9.113,100,1274,2540,2976,12.31
6.826915616,79.94319382,5.74,756,1593,2253,2472,5.08
6.810011161,79.91236236,6.325,1400,1132,1559,981,7
6.784748076,79.96120637,8.097,290,1505,4656,1659,8.6
6.787732973,79.90936635,8.88,121,1153,1991,2360,8.5
6.793071416,79.93473763,9.436,480,737,1592,1820,11.09
6.777649762,79.94804098,10.75,463,193,3803,3248,9.29
6.768517474,79.91569541,7.94,247,1675,3591,4047,7.34
6.784099739,79.91031783,4.641,670,1533,2224,2628,4.84
6.789738531,79.92731996,8.515,300,1432,1283,1688,6.89
6.775961147,79.94290784,7.983,230,755,3534,3849,9.35
6.774319999,79.95146065,8.46,254,610,4333,3022,9.85
6.769291916,79.92855379,9.85,577,355,3500,3938,9.33
6.797190317,79.93063626,8.829,154,1017,985,1074,9.07
6.78403587,79.90956986,4.076,500,1552,2280,2679,4.79
6.788933912,79.92753699,6.017,540,1524,1374,1781,6.89
6.765967364,79.94565802,5.96,577,1512,4604,4040,5.37
6.804669011,79.93004051,8.424,220,417,1001,711,8.27
6.837704146,79.94424208,10.359,140,1136,1287,1375,10.56
6.750691871,79.93073722,7.757,300,1803,5579,5920,8.25
6.764425624,79.96338553,6.17,740,2300,6057,2765,6.09
6.789333912,79.92713699,6.89,449,1467,1315,1725,8.52
6.812973038,79.94993918,6.922,350,1702,3394,3176,7.31
6.791036097,79.93854787,9.026,450,587,2073,2288,9.53
6.825418541,79.95088345,3.566,140,2112,2108,2438,3.96
6.771905515,79.94343758,7.37,829,1010,3923,3947,6.7
6.796347249,79.92202783,7.782,550,607,420,777,7.57
6.821828509,79.91835476,14.51,164,366,2455,1388,14.28
6.786400917,79.93611959,9.37,348,1169,2168,2477,9.22
6.760825173,79.94476902,3.765,400,1708,5037,4456,4.56
6.772582417,79.93556673,6.717,1300,835,3401,3797,7.54
6.766662433,79.94444008,8.28,405,1476,4464,4114,7.18
6.792558665,79.93260648,8.71,136,978,1424,1697,8.42
6.777289444,79.92488293,6.19,340,1323,2556,3004,7.35
6.774920744,79.94698013,8.17,476,518,3925,3456,9.54
6.794116497,79.90962736,10.09,260,480,1558,1840,11.64
6.826644043,79.92746032,7.781,160,1396,1960,1579,11.05
6.781151955,79.95878813,8.19,1181,1124,4577,1992,7.62
6.76683567,79.94385944,6.27,737,1468,4413,4159,6.26
6.765018337,79.94098807,6.54,241,1167,4425,4537,6.29
6.767505931,79.9455059,7.121,450,1351,4454,3964,7.5
6.801658714,79.93925628,10.001,170,670,1897,1856,10.61
6.781022174,79.9278241,8.17,261,1603,2212,2640,7.25
6.776863124,79.95098514,8.76,144,347,4110,2963,9.05
6.793246025,79.92283736,8.89,467,947,767,1219,9.45
6.804788252,79.94222545,10.97,528,1010,2279,2166,10.13
6.821270984,79.93953185,7.8,265,846,2794,2570,7.68
6.780225382,79.95318877,9.188,550,493,4089,2621,9.61
6.793965163,79.92464881,8.023,200,893,733,1059,8.53
6.777049762,79.94754098,10.747,300,279,3806,3321,9.22
6.832451146,79.91098477,11.958,260,1412,2413,701,12.7
6.835557697,79.93649259,7.092,350,1888,1254,1789,7.25
6.776557975,79.94057504,9.03,360,969,3318,3660,8.61
6.84849037,79.89542353,11.5,252,234,2547,2245,9.72
6.786600917,79.93621959,9.22,334,1144,2160,2466,9.37
6.756496332,79.93380975,7.05,133,1209,5020,5449,6.33
6.776664816,79.95151774,9.1,175,404,4170,2915,9.05
6.792893513,79.93418956,11.09,393,801,1549,1789,9.44
6.777099616,79.94205567,9.11,497,794,3376,3702,9.04
6.791376249,79.93200723,8.73,403,1093,1455,1760,7.36
6.804485132,79.9186243,9.58,588,547,634,413,9.44
6.830495535,79.93044325,8.69,294,1759,1528,1443,7.77
6.812584956,79.94191297,8.12,101,846,2588,2325,7.76
6.791251145,79.91334759,9.41,251,745,1400,1779,8.49
6.770985895,79.94518941,7.569,450,999,4123,3811,8.43
6.815755496,79.92190323,10.761,350,549,1741,898,11.18
6.79512838,79.93493168,10.95,290,653,1513,1689,11.92
6.772141653,79.98281091,6.65,1473,3855,7419,1694,6.28
6.813362555,79.93511213,13.497,150,219,2052,1679,13.51
6.797191287,79.91791911,12.438,450,675,584,846,13.28
6.828228541,79.90605854,9.1,276,1514,3129,202,10.73
6.763912817,79.94577898,8.41,241,1714,4802,4158,7.51
6.823058419,79.90160746,10.232,130,1876,3436,650,10.53
6.759886346,79.94044839,4.27,934,1339,4911,4901,4.16
6.795505302,79.91092402,11.65,444,276,1364,1631,11.38
6.776132265,79.99747089,5.4,877,5416,8781,2612,5.32
6.785922406,79.9952358,7.35,524,5212,7945,2132,6.52
6.785701562,79.91026333,5.452,220,1357,2088,2482,6.33
6.823070779,79.90526805,9.19,329,1487,3179,427,8.33
6.775470128,79.95165281,9.05,120,513,4266,2950,9.24
6.807586409,79.93052979,11.016,150,529,1238,842,11.67
6.816161786,79.9312807,11.42,140,405,2047,1505,10.97
6.78788015,79.93441045,8.78,352,1132,1917,2232,7.84
6.794464494,79.90936297,10.683,150,464,1569,1840,10.09
6.736926848,79.93456725,6.187,350,3363,7162,5994,6.63
6.777242492,79.92768725,10,178,1198,2615,3050,9.11
6.774177501,79.93915874,11.69,556,1216,3443,3807,10.98
6.819502004,79.93263213,7.794,550,527,2445,1878,8.41
6.809944261,79.9243469,12.998,350,560,1118,620,13.17
6.784037008,79.91176209,8.73,283,1530,2138,2554,4.11
6.799673779,79.94125832,13.03,514,432,2112,2118,12.7
6.78642834,79.9094659,7.027,350,1292,2086,2467,7.46
6.793911145,79.93104135,8.86,238,1102,1194,1470,9.38
6.826288382,79.93417647,7.342,190,1224,2065,2066,8.06
6.78029991,79.94435149,10.05,539,520,3300,3582,9.73
6.795629431,79.92358346,7.51,418,689,520,958,8.92
6.766193248,79.92093943,10.33,171,1085,3777,4233,10.01
6.814435067,79.932785,12.62,138,246,1976,1514,11.87
6.82846821,79.95994117,8.919,140,1750,1869,2273,9.8
6.792985256,79.91365529,9.3,380,570,1245,1605,8.77
6.755312107,79.9316231,4.03,151,1294,5092,5329,4.58
6.76825652,79.92686621,6.816,950,449,3581,4026,7.47
6.78182209,80.00633223,6.175,900,4398,7063,3395,5.37
6.778178569,79.92323134,9.91,462,1503,2443,2896,9.3
6.790951145,79.91284759,8.418,350,768,1463,1839,8.49
6.796947249,79.92172783,8.53,475,547,358,815,7.78
6.821889314,79.90005628,5.91,171,2015,3462,916,5.49
6.795781939,79.91661141,4.43,579,571,794,1158,10.68
6.813792972,79.92210245,11.19,440,711,1522,781,10.73
6.774496855,79.94289991,10.4,237,845,3659,3900,9.61
6.774044132,79.9514671,9.85,297,638,4354,3034,8.46
6.817459975,79.91992912,12.678,190,262,1948,1100,8.54
6.7839453,79.91115806,4.112,410,1542,2183,2595,6.93
6.837607748,79.961006,10.98,693,810,1076,1470,10.67
6.775970128,79.95195281,8.758,150,493,4256,2898,9.24
6.797837072,79.90940402,11.84,159,276,1455,1643,11.32
6.759286346,79.94014839,4.157,950,1353,4959,4968,4.27
6.777168099,79.94800998,9.053,300,243,3836,3267,9.22
6.834858488,79.94273191,5.596,500,1494,1612,1728,5.91
6.780365757,79.9851744,6.75,556,4040,7335,1179,5.93
6.806386243,79.90934966,8.74,332,997,1599,1356,7.92
6.793387629,79.92259403,9.452,400,931,749,1103,8.89
6.765119852,79.93076581,9.89,379,198,4006,4439,9.04
6.793296967,79.93728215,11.73,241,479,1833,2021,10.92
6.826515616,79.94279382,5.08,900,1531,2315,2531,5.74
6.790226144,79.95093463,5.79,198,1252,3373,2840,5.45
6.830798073,79.95272711,7.54,352,1564,1489,1838,6.91
6.767250452,79.93309662,11.08,144,273,3849,4270,10.42
6.776780435,79.9392879,11.824,300,1100,3213,3563,9.5
6.776899616,79.94225567,9.04,500,780,3407,3733,9.11
6.793195265,79.94293321,13.384,140,380,2423,2557,14.24
6.824417761,79.92097762,10.2,111,737,2382,1593,8.37
6.784537008,79.91136209,8.475,270,1476,2116,2527,4.11
6.835255323,79.96382525,10.559,250,1199,1484,1876,10.78
6.837138282,79.96314868,11.397,290,987,1293,1676,11.81
6.77080658,79.96233417,7.354,500,1762,5522,2263,7.82
6.789054806,79.90952165,10.191,110,1007,1879,2236,10.2
6.773371182,79.93673443,11.01,450,987,3382,3767,11.35
6.767272501,79.93229531,10.87,177,186,3820,4244,10.84
6.793323107,79.94166721,11.931,100,296,2285,2427,12.35
6.753919223,79.92703906,8.707,270,1499,5167,5415,9.09
6.779976805,79.95102253,9.38,195,254,3905,2862,9.12
6.829730033,79.9580452,5.15,455,1590,1668,2066,4.3
6.793823107,79.94216721,12.35,136,272,2321,2449,8.11
6.802493771,79.92598837,13.24,224,318,490,406,12.67
6.759529862,79.95988368,4.365,650,3150,5865,4052,4.6
6.77622571,79.95115656,9.22,181,413,4170,2970,8.88
6.774744065,79.94158301,9.89,548,950,3547,3890,9.3
6.766164383,79.92785769,10.286,400,323,3828,3770,9.25
6.794335857,79.93124986,9.38,417,1071,1187,1449,8.86
6.818742002,79.93147218,12.566,400,534,2311,1729,13.25
6.816866243,79.93338104,8.7,228,236,2236,1731,8.68
6.808371527,79.92637168,15.12,296,339,1025,567,14.39
6.848498208,79.89493,9.72,400,289,2535,2296,11.5
6.848762739,79.90606295,8.785,130,951,2628,1216,9.09
6.793864002,79.91548792,14.24,290,593,1027,1404,13.38
6.82546413,79.95869663,7.032,220,2067,2145,2540,7.79
6.755912107,79.9321231,4.58,122,1233,5038,5473,4.03
6.764861209,79.94727682,8.08,185,1601,4808,3961,9.11
6.805541875,79.93051217,9.13,444,463,1097,874,8.27
6.765171827,79.94733097,9.11,183,1566,4784,3936,8.08
6.78427337,79.9086013,7.74,280,1548,2329,2718,7.72
6.779652859,79.93998812,8.59,674,992,3011,3338,8.42
6.791835014,79.94236762,13.34,227,479,2417,2579,12.89
6.840283503,79.95834011,13.35,420,424,656,1050,12.64
6.828572396,79.90675983,10.98,292,1505,3043,222,10.73
6.791976249,79.93150723,8.221,530,1115,1369,1673,7.36
6.806522674,79.92872086,7.526,500,295,1011,660,10.71
6.770145102,79.94557973,6.002,450,1069,4224,3814,6.27
6.783532982,79.91605122,7.95,311,1653,1971,2417,7.8
6.839652389,79.94199978,9.18,293,1127,1411,1404,8.99
6.766467364,79.94615802,5.368,520,1445,4590,3963,7.5
6.84799037,79.89512353,10.872,240,271,2595,2298,9.72
6.814396771,79.93402406,12.155,120,134,2057,1627,12.84
6.777232742,79.92347612,8.8,424,1401,2549,3002,9.4
6.773971182,79.93623443,11.35,423,1002,3297,3684,11.01
6.835429336,79.94130845,8.029,240,1528,1659,1780,8.14
6.830130033,79.9576452,4.298,550,1544,1613,2010,5.15
6.835740646,79.94403311,8.57,211,1338,1438,1564,8
6.784239796,79.99623064,5.77,400,5298,8162,2249,5.17
6.794030176,79.94828886,7.798,180,861,2972,3057,8.56
6.78682834,79.9097659,7.46,178,1242,2031,2412,8.5
6.785441008,79.90956986,5.416,310,1398,2160,2550,5.46
6.816233083,79.90990701,8.86,606,922,2261,1201,8.5
6.857175014,79.89562011,7.76,540,559,1625,2056,7.46
6.812720313,79.92923846,10.32,487,684,1602,1082,9.96
6.777894188,79.92718457,12.31,354,1283,2532,2969,9.11
6.828441725,79.93782296,6.796,400,1500,1995,2237,7.52
6.801902211,79.91951176,10.913,350,357,367,590,11.81
6.779056929,79.92595223,6.979,153,1451,2378,2820,7.96
6.777261727,79.92223264,7.42,258,1487,2543,2998,7.03
6.761425173,79.94516902,4.56,212,1725,5001,4379,3.77
6.775951148,79.98306428,6.138,1000,3820,7278,2143,6.76
6.846756636,79.90838342,8.11,381,971,2337,1226,5.53
6.78898483,79.93298015,8.805,500,1153,1718,2040,9.11
6.742435355,79.93922981,7.953,500,2884,5989,5231,8.19
6.798437072,79.90910402,10.931,250,318,1478,1646,11.32
6.795229431,79.92398346,6.948,360,740,575,908,8.92
6.7700107,79.94747457,7.652,650,1030,4368,3635,8.29
6.786613944,79.92357735,8.51,526,1688,1509,1959,7.18
6.766650452,79.93269662,10.421,220,228,3899,3723,11.08
6.771524964,79.92274718,8.777,500,1020,3181,3636,9.71
6.797160491,79.92511617,10.8,295,577,455,827,8.43
6.808801249,79.92241771,12.05,167,584,967,244,11.38
6.827865151,79.90437094,8.92,122,1505,3308,308,8.55
6.794031514,79.93457953,10.968,150,716,1527,1735,10.93
6.783198368,79.91051635,6.097,510,1631,2292,2703,4.45
6.79733635,79.90835691,11.085,190,396,1580,1772,11.32
6.839027057,79.94105915,6.362,350,1251,1436,1529,8.59
6.787632973,79.91026635,9.38,328,1144,1927,2307,8.5
6.769323542,79.93189818,9.756,190,303,3589,3512,9.89
6.794782787,79.91186513,10.765,100,335,1302,1600,11.44
6.777404818,79.91995094,5.938,800,1670,2540,2997,6.5
6.784941008,79.90906986,5.46,277,1463,2238,2627,7.72
6.772183305,79.93225569,8.89,591,614,3300,3717,7.98
6.76778683,79.92473848,7.666,750,667,3607,4058,8.43
6.815103649,79.94466059,5.31,450,1096,2997,2721,5.58
6.790307636,79.93324113,8.21,1037,1038,1636,1937,8.11
6.818377734,79.92731626,7.238,550,902,2108,1441,6.47
6.7706107,79.94717457,8.29,810,971,4295,3633,7.65
6.796810714,79.94438426,13.16,422,418,2487,2542,12.35
6.810444261,79.9246469,13.17,239,600,1179,534,13
6.756613327,79.93090102,8.23,162,1145,4934,5372,7.79
6.839452389,79.94209978,8.99,337,1134,1409,1409,9.18
6.828172396,79.90625983,10.729,270,1527,3114,638,9.1
6.784640342,79.92092266,6.66,347,1775,1728,2186,6.28
6.788411965,79.91266999,7.68,180,1047,1685,2083,8.3
6.81951085,79.94164158,7.62,341,892,3049,2648,7.34
6.78728015,79.93481045,7.839,160,1159,1996,2312,8.78
6.777777436,79.93169289,9.4,182,1216,2697,3104,9.25
6.817413615,79.92145265,12.22,148,420,1927,1181,12.15
6.83134271,79.93827316,6.71,487,1825,1747,2128,6.36
6.776599616,79.94175567,8.2,350,843,3397,3729,9.04
6.813917412,79.91572276,6.8,747,570,1700,1022,6.18
6.804100207,79.91908219,9.76,506,481,569,405,9.58
6.851442321,79.9073247,9.49,307,890,2568,918,9.58
6.768360613,79.94181281,8.98,230,1251,4148,4277,9.39
6.770791715,79.9511522,9.229,220,965,4578,3237,9.62
6.773008947,79.93911623,11.341,240,1160,3550,3920,11.49
6.792519513,79.92541499,9.79,216,1071,914,1333,8.79
6.77120658,79.96273417,7.82,672,1777,5532,2200,7.35
6.823384284,79.92067969,7.505,400,621,2501,1582,8.37
6.774402953,79.94444256,10.395,183,725,3777,3741,9.89
6.796751045,79.92352871,9.797,360,564,399,734,8.74
6.800777981,79.92727733,5.97,341,516,561,631,5.95
6.804069011,79.93044051,8.5,161,476,1009,854,9.38
6.83074271,79.93797316,6.363,290,1753,1783,2127,6.71
6.790338531,79.92771996,8.77,101,1387,1245,1639,8.52
6.85274127,79.89138989,7.865,270,453,2017,2553,8
6.786747206,79.9245947,7.44,374,1683,1509,1953,6.34
6.822506121,79.93037907,6.19,550,941,2414,2006,6.63
6.796356299,79.92251072,7.565,450,601,419,773,7.78
6.797151045,79.92382871,10.41,328,527,372,794,9.8
6.786199173,79.92553647,5.812,450,1759,1590,2027,8.63
6.782498288,80.00460971,6.314,600,5211,8082,3196,5.37
6.797790317,79.93113626,9.6,176,993,1019,1174,12.76
6.756379829,79.93547755,4.511,270,1287,5083,5306,9.11
6.780148115,79.9734137,6.866,400,3033,6776,1970,7.22
6.788822065,79.92935935,7.984,300,1489,1483,1863,8.95
6.815340705,79.92714534,9.64,165,854,1779,1138,9.03
6.816976562,79.92861185,11.09,310,715,2004,1380,7.52
6.796282335,79.92450333,8.66,439,641,493,903,10.74
6.776911711,79.92477138,7.35,171,1293,2596,3045,6.19
6.785543774,79.93930102,9.63,628,1156,2493,2775,9.62
6.781230406,79.92949739,8.742,240,1600,2249,2664,9.34
6.784937008,79.91086209,9.47,419,1435,2113,2517,8.27
6.840041117,79.91368275,8.241,450,1337,1790,701,8.45
6.824193899,79.92353356,7.887,190,889,2311,1696,7.93
6.767913142,79.94419461,8.183,260,1356,4334,4067,8.72
6.782898288,80.00500971,5.37,589,6258,8877,3235,6.31
6.785240342,79.92062266,6.279,220,1701,1665,2122,6.66
6.771485895,79.94468941,8.43,455,974,4045,3838,7.57
6.79623831,79.92795483,9.55,485,847,764,1059,8.78
6.757213327,79.93040102,7.785,240,1078,4858,5197,8.23
6.801158714,79.93975628,10.61,188,604,1948,1921,10
6.802325629,79.92963675,11.38,265,495,855,793,10.96
6.776257975,79.94027504,8.571,500,1011,3325,3670,9.03
6.830198073,79.95312711,6.91,400,1613,1552,1907,7.54
6.773689597,79.95033681,8.571,220,630,4288,3165,9.23
6.776451148,79.98346428,6.76,826,3859,7299,1325,6.14
6.776657975,79.94057504,8.61,687,966,3310,3651,9.03
6.822253468,79.90802963,12.782,450,1168,2930,550,13.14
6.805986243,79.90894966,7.924,200,969,1621,1402,8.74
6.823995498,79.90110768,10.46,275,1907,3551,698,10.53
6.818952832,79.93075116,9.9,383,608,2298,1698,9.81
6.824450788,79.91007764,6.4,306,1085,3029,433,6.12
6.789740675,79.91179072,9.04,458,896,1641,2017,8.68
6.792896967,79.93688215,10.924,300,541,1812,2013,11.73
6.769818885,79.93155122,9.886,150,340,3525,3949,10.01
6.792878742,79.93164216,10.33,260,1066,1316,1602,8.79
6.782272805,79.99799655,6.12,497,5475,8454,2470,5.56
6.805699607,79.94127361,10.681,150,1100,2203,2066,11.39
6.781830406,79.92989739,9.71,118,1664,2204,2614,9.34
6.789726144,79.95043463,5.451,220,1188,3339,2886,5.79
6.737426848,79.93496725,6.63,485,3314,7116,7063,6.19
6.786699173,79.92513647,6.34,650,1697,1526,1966,7.44
6.82818378,79.90738653,8.16,460,1572,3012,189,10.98
6.822718658,79.95287242,6.54,476,2172,2385,2737,5.7
6.812292179,79.92458732,9.59,257,800,1379,700,8.92
6.839890959,79.94349788,10.071,240,990,1246,1258,10.97
6.807240685,79.92981329,10.56,139,440,1154,853,9.16
6.806708601,79.9303903,10.07,122,475,1163,892,9.76
6.809201249,79.92271771,11.379,180,591,1012,549,12.05
6.789503137,79.94830262,8.34,245,1095,3127,3118,8.25
6.792158665,79.93310648,8.421,120,945,1495,1767,9.38
6.764571827,79.94693097,9.034,170,1638,4812,4012,7.52
6.783437545,79.93658006,8.74,667,1449,2444,2776,8.08
6.769923542,79.93159818,10.01,328,352,3515,3939,9.89
6.805393432,79.9291822,10.548,380,315,967,676,9.07
6.851244713,79.90747916,9.584,220,892,2545,817,9.49
6.817605776,79.928658,7.523,350,732,2072,1441,7.69
6.793735857,79.93154986,8.891,290,1051,1252,2121,8.86
6.768068899,79.9476953,8.69,453,1242,4551,3723,8.17
6.796956299,79.92281072,7.74,441,534,356,806,7.57
6.767413142,79.94449461,8.98,173,1396,4398,4066,7.66
6.814940705,79.92664534,9.03,170,910,1720,970,9.64
6.824595498,79.90060768,10.235,270,1843,3638,676,10.46
6.78353587,79.91006986,4.79,348,1599,2291,2696,6.1
6.754392762,79.93264004,5.99,383,1409,5216,5650,5.26
6.812816636,79.91430353,7.74,794,753,1669,1046,8.49
6.851042321,79.9068247,9.267,290,961,2607,889,9.49
6.801467282,79.91760643,11.7,149,570,541,646,10.86
6.787524259,79.98775012,6.29,716,4423,7340,1313,5.29
6.773827424,79.92323818,6.868,500,1130,2927,3380,6.95
6.79212787,79.91625167,8.91,429,796,1113,1524,8.58
6.806501368,79.9273583,10.599,280,172,908,621,10.37
6.782872805,79.99759655,5.563,370,5435,8074,2416,6.12
6.780276463,79.91589956,7.192,170,1999,2319,2768,7.84
6.795382787,79.91216513,11.44,202,270,1243,1531,10.77
6.820928918,79.9054937,10.54,400,1400,2975,696,10.87
6.776511711,79.92427138,6.927,330,1285,2635,3085,7.35
6.795281939,79.91711141,3.899,760,645,787,1073,4.43
6.752770822,79.9302682,6.18,274,1573,5342,5783,6.13
6.78079991,79.94475149,9.729,350,495,3297,3529,11.19
6.83628207,79.94068041,6.17,166,1498,1547,1760,5.4
6.809171098,79.92348277,13.42,365,534,1017,342,12.76
6.801177981,79.92767733,5.945,400,500,450,570,5.97
6.779252859,79.93968812,8.285,630,1023,3023,3355,8.59
6.802146728,79.94560398,6.147,650,886,2605,2551,6.51
6.807055335,79.92915001,11.095,170,366,1087,717,10.77
6.808884578,79.94862211,6.6,295,1694,3089,2923,6.44
6.768760613,79.94221281,9.39,313,1301,4134,4218,8.98
6.78362866,79.95002132,12.532,450,513,3590,2909,12.76
6.787124259,79.98805012,5.294,850,4447,7396,1340,6.29
6.775444854,79.94672768,9.54,268,478,3864,3463,8.17
6.790138531,79.92691996,9.2,154,1375,1224,1632,8.52
6.778854195,79.95049383,9.92,152,182,3930,2949,9.17
6.796582335,79.92510333,9.41,187,634,503,888,10.74
6.832429841,79.91034104,10.842,290,1363,2474,960,11.96
6.828091844,79.95161774,5.34,350,1889,1802,2138,5.58
6.804821212,79.92011257,8.528,300,647,677,520,9.24
6.782641594,79.91369694,8.99,142,1697,2166,2601,8.42
6.792476249,79.93190723,8.79,596,1053,1367,1655,10.33
6.805694779,79.91496273,7.261,750,1044,1024,691,7.87
6.838300145,79.89313866,13.407,300,1005,3633,2005,13.5
6.79292787,79.91615167,9.07,447,720,1051,1452,8.58
6.797682252,79.91019958,14.25,184,188,1371,1572,13.31
6.838204146,79.94474208,10.56,307,1060,1210,1297,10.36
6.801893771,79.92568837,12.668,230,331,428,465,13.24
6.770109844,79.91647811,8.424,150,1619,3400,3856,9.07
6.850413839,79.90720021,8.619,500,978,2547,899,9.39
6.776889444,79.92528293,6.74,425,1263,2605,3052,6.54
6.833986393,79.9124664,10.539,190,1436,2182,936,10.95
6.815158927,79.92134533,12.62,350,543,1677,831,13.36
6.793911145,79.93014135,8.44,252,1201,1114,1410,8.32
6.829041725,79.93752296,7.52,314,1558,1920,2174,6.8
6.769117474,79.91519541,7.336,270,1739,3538,3992,7.94
6.785043796,79.92531828,8.378,350,1882,1710,2151,9.31
6.774619999,79.95106065,8.232,150,560,4278,3048,8.91
6.85376984,79.89618568,10.028,170,617,2003,2009,10.45
6.765295011,79.92793579,8.77,420,352,3925,4367,8.54
6.803297285,79.95101131,6.777,350,1411,3216,3144,6.89
6.796598102,79.91678226,11.49,368,561,726,1074,10.68
6.824875086,79.93916747,5.383,500,1170,2415,2589,6.28
6.795021777,79.91055195,10.84,218,342,1423,1697,10.97
6.816892212,79.92013368,8.536,300,315,1882,1034,8.77
6.814996771,79.93352406,12.84,140,148,2075,1617,12.16
6.797692926,79.93094465,12.756,150,991,1001,1064,9.6
6.791156929,79.91452284,8.77,276,794,1318,1715,8.69
6.819242002,79.93177218,13.25,578,554,2376,1794,12.57
6.772423615,79.93050363,8.61,710,615,3214,3640,7.99
6.771583305,79.93175569,7.977,500,535,3345,3765,8.89
6.774820744,79.94778013,8.82,461,499,3996,3377,8.12
6.791606823,79.92323366,7.046,180,1131,952,1402,9.96
6.773056802,79.9297256,8.18,159,693,3122,3551,7.99
6.814268363,79.92947541,10.869,100,605,1767,1114,11.52
6.792340643,79.93114344,6.526,560,1138,1312,1617,9.35
6.774339955,79.9436434,12.48,447,793,3725,3827,9.35
6.821145891,79.91836271,11.398,220,292,2380,1419,14.28
6.82890034,79.90525237,9.61,183,1416,3163,312,9.49
6.823902154,79.93409064,7.511,550,960,2319,2252,7.58
6.815239336,79.92003682,13.51,189,443,1701,954,13.34
6.770609844,79.91687811,8.98,135,1589,3337,3794,9.07
6.838700145,79.89363866,13.5,259,939,3594,1993,13.41
6.80091603,79.92925341,5.86,478,587,781,810,5.81
6.791617893,79.91323338,10.18,733,703,1381,1754,8.49
6.784258424,79.93347164,9.342,170,1521,2159,2520,10.12
6.821699941,79.93163131,8.81,601,795,2515,2003,8.14
6.781823852,80.0013979,5.104,300,5850,8319,2852,5.94
6.76500789,79.92900781,9.57,219,280,3977,4416,9.09
6.766564383,79.92735769,10.75,464,370,3775,4219,9.25
6.769828,79.95379109,7.91,148,1173,4863,3050,7.53
6.808312355,79.94405104,5.702,450,1289,2588,2412,6.35
6.7667625,79.94436627,7.182,200,1469,4451,4115,8.28
6.854748107,79.89482011,11.02,240,518,1855,2149,10.24
6.822853366,79.93510563,9.4,289,841,2461,2340,8.77
6.76838683,79.92503848,8.43,555,648,3543,3993,7.67
6.814868363,79.92917541,11.52,211,630,1812,1237,10.87
6.827928541,79.90565854,8.395,270,1533,3185,548,9.1
6.821522621,79.90906306,6.64,510,1032,2799,615,6.44
6.779776805,79.95112253,9.12,355,258,3927,2856,9.38
6.834303297,79.96423975,8.28,236,1312,1590,1984,7.93
6.793821939,79.94811679,8.56,120,848,2959,3048,7.8
6.78487337,79.9091013,7.723,415,1470,2242,2631,5.46
6.854921098,79.89602237,7.764,300,635,1876,2014,10.24
6.784336955,79.93895791,7.675,550,1246,2554,2852,7.79
6.776881336,79.94779145,9.218,300,282,3839,3300,10.75
6.861267,79.89069704,14.56,146,504,1066,2662,14.5
6.813320313,79.92883846,9.958,360,701,1641,1590,10.32
6.805922674,79.92832086,7.68,682,229,932,646,11.48
6.855148107,79.89532011,10.244,260,553,1827,2090,11.02
6.775801186,79.94441699,10.5,242,622,3658,3694,9.85
6.766295011,79.92793579,9.25,584,311,3815,4257,10.29
6.773408947,79.93961623,11.49,287,1214,3542,3907,11.34
6.823658419,79.90110746,10.53,328,1945,3523,714,10.46
6.769990716,79.96040714,6.37,522,1639,5406,2476,6.04
6.839306454,79.9386258,9.35,277,1448,1178,1737,8.62
6.780001278,80.00269278,4.98,400,4687,8268,3031,5.16
6.822218658,79.95237242,5.699,300,2099,2444,2791,6.54
6.826688382,79.93457647,8.06,147,1267,2034,2068,7.34
6.782965968,79.92321303,6.252,220,1971,1911,2363,7.21
6.825727904,79.92557204,8.899,250,1171,2092,1589,8.93
6.80197853,79.93184027,12.74,140,715,1084,1040,12.44
6.818775656,79.92775161,7.3,384,876,2164,1502,7.58
6.833216729,79.96057171,8.32,115,1247,1425,1833,8.06
6.786247206,79.9240947,7.18,250,1733,1556,2003,8.15
6.767786192,79.92768125,9.95,751,346,3647,4089,9.33
6.792162936,79.91272272,9.642,340,633,1383,1742,10.21
6.817859975,79.92042912,12.92,196,297,1985,1237,10.78
6.752370822,79.9305682,6.13,190,1616,5391,5232,6.18
6.755896332,79.93350975,6.33,270,1264,5076,5307,7.05
6.77649711,79.94976847,9.189,400,313,4032,3105,9.72
6.77905233,79.95132955,9.56,201,272,3992,2854,9.17
6.766873963,79.93186065,10.994,200,133,3849,3575,11.56
6.802911025,79.93375906,14.36,343,867,1314,1232,13.42
6.834386393,79.9120664,10.95,197,1374,2198,1047,10.54
6.849098208,79.89463,8.76,230,332,2463,2303,9.72
6.788133433,79.98571557,5.02,417,4218,7168,1104,4.44
6.786000917,79.93581959,8.583,260,1224,2176,2493,9.37
6.810860418,79.91374515,7.525,550,972,1527,877,8.18
6.768511752,79.95175302,9.686,140,1227,4808,3320,9.85
6.756411178,79.93471366,8.692,450,1251,5055,4812,9.19
6.774327424,79.92353818,6.95,380,1145,2872,3325,6.87
6.801338125,79.91712869,10.985,270,624,589,650,10.9
6.809070347,79.93271883,12,113,732,1530,1232,11.97
6.784858424,79.93387164,10.12,308,1441,2132,2483,9.34
6.850678215,79.89356359,10.9,159,509,2270,2363,10.33
6.78435628,79.9976719,5.36,805,5459,8245,2408,5.12
6.794905302,79.91052402,10.97,280,355,1431,1707,10.84
6.792732429,79.97881699,7.36,1104,3656,6344,830,6.96
6.822853468,79.90832963,13.14,266,1162,2968,447,12.78
6.780601278,80.00239278,5.16,417,5955,8895,2985,4.98
6.789807636,79.93364113,8.105,850,1037,1707,2008,8.21
6.80091549,79.93213845,10.767,140,809,1100,1005,12.44
6.777432742,79.92327612,9.4,487,1432,2526,2979,8.8
6.794221939,79.94781679,8.041,200,805,2916,3001,7.88
6.776568099,79.94840998,9.95,398,294,3913,3245,9.22
6.847356636,79.90798342,7.842,500,983,2390,1094,4.89
6.806384182,79.92805567,9.366,350,223,948,686,10.37
6.77609711,79.95016847,9.72,232,370,4095,3078,9.19
6.770291715,79.9515522,9.62,247,1031,4649,3228,9.23
6.839683503,79.95874011,12.641,290,499,734,1029,13.35
6.799047831,79.9344581,9.073,350,788,1360,1422,9.38
6.770318885,79.93185122,10.59,224,403,3482,3904,10.01
6.76723567,79.94415944,6.258,600,1428,4394,4108,7.59
6.832813336,79.90943982,13.183,260,1262,2539,702,13.39
6.823490218,79.94543311,6.249,550,1492,2481,2749,6.47
6.818248295,79.92087326,10.778,350,337,2024,1276,11.77
6.819572186,79.95126113,8.25,140,1890,2748,3086,7.89
6.7673625,79.94396627,7.59,214,1423,4370,4120,6.26
6.786943357,79.95111577,7.711,790,900,3527,2780,8.05
6.807108601,79.9298903,9.161,140,441,1150,755,10.56
6.804421212,79.92041257,9.24,363,392,522,259,8.53
6.850078215,79.89306359,10.325,300,531,2329,2435,10.9
6.803548813,79.93501777,11.77,183,984,1468,1365,11.35
6.794365163,79.92514881,8.53,234,866,715,1127,8.02
6.805069011,79.92964051,9.07,209,367,987,771,9.24
6.764518337,79.94138807,6.293,280,1222,4495,4528,6.54
6.822130501,79.94521433,8.54,394,1384,2630,2902,7.76
6.802502211,79.92001176,11.81,306,312,367,357,10.91
6.803510351,79.948887,6.843,210,1244,2984,2907,7.43
6.853056382,79.89576106,9.015,250,555,2064,2067,9.28
6.762919424,79.92856245,7.3,581,501,4197,4639,7.2
6.818352832,79.93045116,9.806,350,592,2224,1625,9.9
6.817002592,79.93602516,11.55,142,232,2423,1973,10.95
6.792595265,79.94323321,14.24,148,453,2477,2618,13.38
6.791575928,79.93919958,10.989,240,504,2109,2307,9.53
6.82850034,79.90475237,9.491,110,1445,3234,564,9.61
6.825548247,79.90186218,8.83,308,1733,3629,563,8.2
6.792478742,79.93114216,9.346,450,1133,1301,1604,6.53
6.805194779,79.91446273,7.87,550,872,1037,806,7.26
6.803797285,79.95131131,6.89,237,1471,3256,3176,6.78
6.794521777,79.91005195,10.563,180,417,1496,1775,11.64
6.840390959,79.94309788,10.97,277,981,1268,1257,10.07
6.824748247,79.90186218,8.58,264,1822,3560,588,8.2
6.822453366,79.93460563,8.767,250,796,2490,2270,9.4
6.771024964,79.92314718,9.71,535,954,3238,3691,8.78
6.840112484,79.95404836,11.587,250,582,447,731,12.39
6.796757856,79.92981896,8.188,140,966,918,1042,9.07
6.774777501,79.93885874,10.982,750,1218,3369,2533,11.69
6.816366243,79.93308104,8.678,190,226,2171,1669,8.7
6.81326098,79.93195021,11.345,420,392,1816,1365,12.18
6.77650124,79.92694831,4.43,450,1146,2678,3117,5.06
6.836710455,79.93628308,4.218,500,1827,1143,1741,5.17
6.791840643,79.93154344,7.36,437,1117,1382,1688,8.22
6.794064494,79.90976297,11.64,346,477,1547,1831,10.09
6.78302866,79.95042132,12.76,262,463,3663,2871,12.53
6.821528918,79.9058937,10.87,320,1371,3000,571,10.54
6.807499301,79.93833351,10.95,171,952,1966,1770,10.17
6.779476805,79.95072253,8.418,210,207,3910,2907,9.12
6.804239566,79.91846767,9.443,570,548,625,1444,9.58
6.7835453,79.91075806,4.45,260,1590,2245,2656,6.93
6.751191871,79.93033722,8.25,204,1748,5516,5958,7.76
6.76962218,79.94392341,7.532,540,1197,4160,4005,7.27
6.811992179,79.92408732,8.652,340,684,937,595,8.92
6.813299927,79.91397837,7.555,800,728,1734,1009,7.74
6.825469886,79.92696807,10.71,160,1271,2096,1673,11.05
6.786028714,79.92669518,7.804,800,1805,1642,2069,8.27
6.776252166,79.93984716,9.045,450,1057,3297,3646,8.57
6.783395129,79.91160903,4.78,440,1602,2207,2625,4.99
6.794464002,79.91598792,13.378,450,588,941,1318,14.24
6.819095934,79.9245943,9.857,220,752,2128,1410,10.28
6.823302154,79.93379064,7.58,593,897,2377,2282,7.51
6.765619852,79.93026581,9.036,250,149,3939,4374,9.89
6.797034701,79.95138273,10.381,220,1189,3256,3019,11.23
6.781630406,79.92979739,9.34,293,1642,2220,2631,9.71
6.794807167,79.95265853,8.23,418,1328,3431,2792,7.79
6.851013839,79.90770021,9.14,658,891,2513,914,9.39
6.802989673,79.94216076,10.29,215,812,2235,2162,9.33
6.793514576,79.92725216,9.007,530,1047,919,1291,9.05
6.838052863,79.940512,9.434,220,1369,1428,1644,9.87
6.809570347,79.93231883,11.973,130,696,1534,1218,12
6.756979829,79.93587755,5.32,366,1247,5032,5454,9.11
6.848816657,79.90925589,6.67,603,984,2281,980,6.55
6.776164816,79.95101774,8.878,140,409,4162,2987,9.22
6.823793899,79.92313356,7.93,247,826,2367,1733,7.89
6.80157853,79.93214027,12.44,130,767,1109,983,12.74
6.791351145,79.91314759,8.49,252,730,1408,1783,9.41
6.78140025,79.91372106,8.8,410,1835,2290,2728,7.81
6.861767,79.89019704,14.503,100,561,1011,2728,14.56
6.78190025,79.91322106,7.809,220,1774,2263,2697,8.8
6.761962811,79.96402272,5.511,590,3845,5439,3406,6.46
6.792175928,79.93869958,11.79,197,467,2029,2222,10.99
6.810229924,79.94709803,4.149,350,1479,2982,2789,5.13
6.772541653,79.98251091,6.275,1400,3813,7370,1839,6.65
6.812042933,79.93696083,10.588,190,434,2105,1803,11
6.805341875,79.92981217,9.24,489,385,1020,794,9.07
6.816476562,79.92821185,10.809,200,746,1937,1309,11.09
6.839152389,79.94169978,8.589,280,1189,1463,1464,6.63
6.803910351,79.949287,7.43,334,1307,3034,2951,6.84
6.771305515,79.94383758,6.697,750,1039,4003,3933,7.37
6.783465968,79.92371303,7.21,151,1999,1859,2310,6.25
6.773839955,79.9433434,12.344,260,855,3747,3877,12.48
6.815733083,79.90950701,8.116,550,981,2245,1243,8.5
6.775710079,79.95163575,9.24,143,491,4247,2942,9.05
6.850349926,79.90824091,8.364,500,905,2434,818,8.78
6.807655335,79.92885001,11.77,157,380,1113,777,11.1
6.806476048,79.93449672,10.96,363,915,1532,1329,10.42
6.806250559,79.91285909,7.815,130,948,1251,866,7.96
6.776447018,79.94756706,10.61,485,336,3853,3338,9.22
6.813914016,79.93009165,9.585,130,548,1764,1239,10.35
6.8017162,79.91814589,11.21,156,509,493,580,11.7
6.77857442,79.94786226,10.234,230,131,3721,3240,11.1
6.849316657,79.90875589,6.546,560,964,2349,867,6.67
6.770197093,79.93233571,8.758,250,411,3512,3931,10.59
6.784806392,79.98393851,5.97,500,3950,7068,982,6.03
6.85224127,79.89178989,8,138,518,2075,2518,7.87
6.804739566,79.91796767,10.36,442,624,704,457,9.28
6.778494188,79.92688457,11.825,190,1357,2459,2897,12.31
6.823570779,79.90476805,8.333,240,1559,3257,455,9.19
6.818648295,79.92117326,11.77,368,369,2066,1319,10.78
6.835596655,79.93965466,6.112,180,1631,1502,1895,6.58
6.796591119,79.92357148,8.74,230,583,417,852,9.8
6.812492179,79.92438732,8.92,150,827,1397,709,9.59
6.76875652,79.92726621,7.47,998,431,3533,3976,6.82
6.752905709,79.92825628,6.85,465,1580,5294,5740,6.63
6.781810278,79.92455681,7.85,261,1793,2052,2499,7.81
6.792106823,79.92273366,7.19,106,1074,892,1346,7.05
6.776463124,79.95068514,8.309,135,361,4112,3010,8.88
6.836240646,79.94363311,8.003,250,1311,1438,1545,8.57
6.768768899,79.9468953,8.22,209,1178,4434,3759,8.17
6.787556832,79.91365291,9.95,182,1155,1695,2109,8.3
6.790544578,79.96907465,5.311,400,2579,5314,1041,5.52
6.832557673,79.91291596,9.465,140,1569,2228,850,9.72
6.791764216,79.91065244,7.79,182,684,1593,1929,7.11
6.77582571,79.95075656,8.528,100,426,4164,3028,8.88
6.795981797,79.91178233,12.69,186,201,1255,1523,12.32
6.783795129,79.91287231,8.28,309,1561,2096,2521,8.95
6.773381411,79.94211089,6.992,500,991,3703,4024,7.21
6.835096655,79.93935466,6.58,288,1695,1513,1958,6.11
6.786088214,79.93400584,9.02,164,1319,2034,2373,8.22
6.806840685,79.93021329,9.763,160,462,1157,778,10.07
6.794307167,79.95225853,7.787,350,1290,3397,2814,8.23
6.8012162,79.91764589,10.864,270,568,530,706,11.7
6.814417412,79.91542276,6.176,650,536,1765,986,6.8
6.853656382,79.89546106,9.28,269,629,1991,2090,9.02
6.772214412,80.00206542,6.117,450,4967,8304,3263,6.27
6.777630333,79.99439709,6.185,500,5067,8105,2232,6.45
6.805041875,79.93021217,8.273,470,431,1039,733,8.42
6.783598368,79.91091635,6.93,443,1583,2231,2642,4.45
6.772881411,79.94241089,7.21,374,1004,3768,4012,6.99
6.813473038,79.95033918,7.31,331,1739,3433,3236,6.92
6.76902218,79.94442341,8.18,695,1233,4247,3986,7.27
6.815866243,79.93358104,9.53,225,151,2157,1678,8.68
6.768880538,79.9300034,10.101,165,233,3580,3812,11.03
6.78395628,79.9979719,5.122,700,5487,8001,2445,5.36
6.782099223,79.93197589,8.13,233,1698,2276,2665,7.99
6.794836997,79.91080488,10.4,111,350,1405,1687,10.97
6.784737103,79.9218976,8.23,138,1830,1711,2167,8.03
6.775924054,79.92597773,5.575,400,1132,2723,3167,6.54
6.772556802,79.9301256,7.992,220,632,3188,3616,8.61
6.805283428,79.9370254,10.13,249,1131,1738,1591,9.31
6.800273779,79.94075832,12.7,400,495,2056,2049,13.03
6.813935067,79.932285,11.865,230,320,1898,1437,12.62
6.777280435,79.9397879,12.7,363,1034,3201,3545,9.5
6.780842246,79.9515969,8.64,493,355,3903,2779,8.62
6.808384578,79.94822211,6.444,380,1625,3029,2870,6.6
6.81286098,79.93165021,12.18,488,445,1760,1313,11.35
6.795134352,79.91079761,11.377,270,319,1393,1667,10.84
6.786888214,79.93320584,8.37,198,1302,1909,2251,8.22
6.833057673,79.91321596,9.72,153,1563,2169,1013,9.47
6.818144547,79.91672346,14.55,176,135,2099,1371,14.47
6.799602225,79.97235543,3.88,767,3463,5364,1591,3.78
6.792132429,79.97831699,6.962,950,3578,6298,698,7.36
6.827591844,79.95191774,5.58,465,1930,1853,2193,5.34
6.81991085,79.94114158,7.337,450,871,3007,2625,7.62
6.795831775,79.92949978,9.22,244,1002,934,1196,8.62
6.810156049,79.9448883,8.1,145,1259,2752,2548,7.41
6.776936443,79.93718875,8.14,826,1325,3066,3433,7.92
6.772126823,79.93335929,7.765,450,654,3349,3759,8.18
6.816109846,79.93902492,8.97,272,477,2577,2205,8.91
6.787232973,79.90976635,8.495,160,1198,1998,2376,7.46
6.796357856,79.93031896,8.6,119,1037,987,1212,8.19
6.792801691,79.90939575,10.866,270,620,1648,1952,11.21
6.775670128,79.95225281,9.24,114,540,4303,2880,8.76
6.803148813,79.93451777,11.349,240,940,1403,1313,11.77
6.768691916,79.92825379,9.329,460,334,3559,3998,9.85
6.779552859,79.94008812,8.42,563,980,3026,3353,8.59
6.852667358,79.89300569,8.08,183,526,2042,2377,7.88
6.823817761,79.92137762,9.703,250,703,2427,1749,8.37
6.840541117,79.91328275,8.45,586,1288,1820,853,8.24
6.795998102,79.91708226,10.677,400,612,738,1008,4.43
6.814703649,79.94496059,5.58,333,1131,3000,2731,5.31
6.837107748,79.961406,10.665,550,880,1146,1541,10.98
6.788422065,79.92975935,8.95,293,1476,1544,1922,7.98
6.811542933,79.93746083,11,155,512,2114,1827,10.59
6.784599739,79.91061783,4.84,550,1474,2159,2564,8.27
6.796131775,79.92939978,8.62,140,972,908,1163,9.22
6.755949684,79.96109988,5.27,616,2919,6542,3715,5.26
6.768368899,79.9471953,8.168,350,1216,4490,3753,8.22
6.774420744,79.94728013,8.116,600,557,3989,3445,8.17
6.775019999,79.95076065,8.47,188,506,4223,3061,8.91
6.806127803,79.92762611,10.37,420,168,895,581,10.6
6.825928066,79.91123336,12.138,150,1101,2851,546,12.37
6.753596966,79.93009067,9.43,431,1481,5248,5689,8.46
6.813416636,79.91480353,6.779,850,667,1698,950,7.74
6.795063421,79.92216972,9.666,450,747,562,918,9.95
6.79452838,79.93443168,10.93,150,719,1488,1687,10.97
6.769979564,79.94350924,7.48,644,1184,4101,4028,7.53
6.816355496,79.92230323,11.18,349,553,1807,1067,12.15
6.783932982,79.91565122,7.799,140,1598,1946,2389,7.95
6.776536443,79.93758875,7.921,740,1291,3128,3493,8.14
6.80031549,79.93263845,11.36,173,894,1153,1181,10.77
6.820545891,79.91806271,11.61,155,221,2321,1420,11.4
6.76450789,79.92870781,9.09,270,344,4026,4466,9.57
6.825918541,79.95118345,3.96,236,2133,2048,2381,3.57
6.781323852,80.0018979,5.94,392,5903,8797,2916,5.1
6.781410278,79.92505681,7.806,215,1731,2104,2549,7.85
6.832213336,79.90913982,13.39,303,1291,2601,678,13.18
6.802646728,79.94600398,6.51,797,957,2655,2591,6.15
6.793201691,79.90969575,11.21,423,566,1598,1898,10.89
6.803689614,79.93028301,9.38,231,474,975,838,8.5
6.817502592,79.93572516,10.953,240,265,2446,1979,11.55
6.806199607,79.94177361,11.39,134,1160,2272,2126,10.68
6.847166189,79.90773548,4.89,400,949,2414,1227,7.84
6.754519223,79.92733906,8.97,115,1426,5104,5551,8.71
6.786113944,79.92407735,8.153,350,1747,1570,2018,7.18
6.7817812,79.95116541,9.059,400,386,3806,2807,9.73
6.752405709,79.92775628,6.625,350,1645,5343,4990,6.85
6.785498997,79.91103497,8.237,190,1371,2052,2454,6.33
6.819595934,79.9248943,10.28,256,791,2187,1473,9.86
6.840512484,79.95434836,12.39,386,526,406,798,11.59
6.780970371,79.94496606,11.187,270,480,3303,2803,9.73
6.797257856,79.93011896,9.07,280,964,928,1126,8.83
6.762056231,79.93747181,6.551,400,929,4559,4968,7.09
6.792393513,79.93448956,10.855,400,796,1607,1852,11.09
6.790656929,79.91492284,8.693,350,863,1333,1739,8.77
6.810360418,79.91414515,8.18,478,1003,1456,912,7.53
6.801635369,79.94682706,6.785,400,934,2736,2692,7.52
6.784998997,79.91073497,8.27,297,1429,2116,2519,9.47
6.79793635,79.90885691,11.32,133,337,1513,1694,11.84
6.781599223,79.93157589,7.988,140,1639,2305,2700,8.13
6.840541117,79.91418275,8.59,380,1388,1722,755,8.24
6.850649926,79.90874091,8.78,520,844,2391,856,9.2
6.791117893,79.91353338,9.353,600,765,1396,1979,9.41
6.794168115,79.94295339,8.32,229,306,2393,2509,8.27
6.763970172,79.9313784,9.038,230,335,4147,3878,10.01
6.786522406,79.9948358,6.521,650,5178,7865,2089,7.35
6.777481336,79.94829145,9.29,148,199,3836,3227,10.75
6.791919513,79.92581499,8.794,200,1148,993,1409,9.79
6.770509844,79.91677811,9.07,156,1597,3350,3807,8.98
6.795734352,79.91129761,12.32,127,238,1316,1583,12
6.788016349,80.00100255,5.405,900,4582,8054,3784,6.04
6.818777734,79.92781626,7.58,434,869,2166,1506,7.3
6.778454195,79.95079383,8.965,110,226,3984,2929,9.17
6.78838483,79.93338015,9.11,613,1166,1797,2120,8.81
6.823850788,79.90967764,6.323,350,600,640,770,6.51
6.819072186,79.95086113,7.888,200,1834,2808,3144,8.25
6.790540675,79.91099072,9.56,491,813,1647,2004,8.68
6.810656049,79.9451883,7.411,180,1265,2806,2595,8.1
6.782995129,79.91110903,4.99,618,1648,2274,2690,6.1
6.792846025,79.92233736,7.948,350,993,809,1264,9.45
6.754496966,79.93019067,8.6,209,1381,5151,5592,8.46
6.775834005,79.9427784,9.35,246,774,3535,3864,7.98
6.805876048,79.93479672,10.417,450,942,1533,1351,10.96
6.777778569,79.92293134,9.303,400,1485,2486,2940,9.4
6.804189614,79.92978301,9.358,160,402,950,720,8.42
6.835157697,79.93699259,7.25,495,1875,1324,1853,7.09
6.7812812,79.95146541,9.73,520,371,3865,2784,8.64
6.741935355,79.93972981,8.19,432,2955,6758,6338,7.95
6.777277436,79.93119289,9.246,260,1156,2727,3140,9.4
6.779456929,79.92625223,7.96,323,1481,2340,2781,6.98
6.85336984,79.89668568,10.45,124,562,2063,1960,10.03
6.854321098,79.89652237,8.01,390,669,1957,1964,10.03
6.776763124,79.95118514,9.05,136,370,4134,2946,8.76
6.785348076,79.96170637,8.6,359,1584,4684,1600,8.1
6.783641594,79.91289694,8.95,319,1578,2109,2536,8.28
6.775240451,79.91584651,4.188,800,1892,2859,3312,4.48
6.787733433,79.98521557,4.437,500,4153,7136,939,5.02
6.814758927,79.92084533,13.36,292,539,1637,889,13.34
6.783241594,79.91329694,8.417,270,1626,2127,2557,8.95
6.796660491,79.92481617,10.737,270,613,477,770,8.43
6.816561786,79.9315807,10.97,210,386,2102,1559,11.42
6.776752166,79.93934716,9.5,390,1095,3219,3569,11.82
6.814292972,79.92180245,10.73,300,648,1579,735,11.19
6.784037545,79.93708006,8.079,800,1374,2431,2752,8.74
6.796091119,79.92327148,8.723,350,634,461,804,7.51
6.806294134,79.92990406,9.97,789,410,1092,827,9.59
6.767772501,79.93259531,10.842,160,236,3777,3699,10.87
6.801725629,79.92933675,10.963,200,520,805,710,11.38
6.813084956,79.94231297,7.755,300,870,2655,2388,8.12
6.856575014,79.89532011,7.455,400,524,1676,2087,7.76
6.763579522,79.94312775,6.16,483,1435,4680,4421,5.18
6.767005931,79.9459059,7.5,345,1393,4525,3955,5.37
6.82649677,79.95733103,7.53,110,1948,1999,2389,7.49
6.786528714,79.92719518,8.27,886,1766,1607,2028,7.8
6.791436097,79.93904787,9.53,376,524,2101,2303,10.99
6.756911178,79.93501366,9.19,379,1212,5011,5436,9.11
6.772182417,79.93596673,7.54,1135,833,3461,3855,6.72
6.839306454,79.9379258,8.91,376,1514,1109,1804,8.62
6.827428541,79.90595854,9.22,441,1595,3190,135,8.4
6.851644713,79.90787916,10.46,173,829,2517,855,9.58
6.769390716,79.96000714,6.035,410,1647,5413,2555,6.37
6.835755323,79.96432525,10.78,182,1189,1491,1876,10.56
6.785043774,79.93960102,9.619,750,1207,2554,2839,7.79
6.775532265,79.99697089,5.323,750,5365,8049,2590,5.4
6.822970779,79.90426805,9.13,350,1589,3238,492,8.33
6.797434701,79.95098273,11.23,241,1151,3207,3078,10.38
6.793114576,79.92755216,9.05,352,1102,975,1345,9.01
6.832051146,79.91128477,12.7,164,1467,2409,786,11.17
6.824564527,79.9098493,6.12,300,805,500,654,6.4
6.805421212,79.91971257,9.39,493,527,656,253,8.53
6.792198223,79.92350309,9.959,170,1067,891,1338,10.05
6.783776065,79.9352233,8.66,540,1476,2319,2663,7.81
6.824375086,79.93886747,6.28,341,1105,2450,2597,5.38
6.816133083,79.90980701,8.5,421,936,2259,1209,8.86
6.817192212,79.92063368,9.1,243,345,1909,1161,8.54
6.773989597,79.95083681,9.23,211,615,4306,3100,9.23
6.82599677,79.95773103,7.49,150,2004,2063,2454,7.53
6.764461209,79.94687682,7.518,180,1651,4819,4024,9.03
6.77642571,79.95115656,8.58,109,396,4156,2962,9.22
6.823784284,79.92107969,8.37,384,682,2443,1617,9.7
6.754219223,79.92653906,9.09,126,1484,5128,5577,8.71
6.768957933,79.92069215,6.59,163,1133,3471,3928,6.07
6.784736955,79.93945791,7.79,710,1219,2565,2854,9.62
6.774740451,79.91634651,4.48,663,1817,2899,3354,4.19
6.805650559,79.91315909,7.96,284,886,1187,940,7.82
6.806999301,79.93803351,10.168,170,991,1913,1727,10.95
6.794531514,79.93507953,11.92,137,648,1554,1743,10.95
6.77807442,79.94826226,11.1,300,140,3791,3212,10.75
6.82758378,79.90688653,7.424,350,1580,3096,462,8.16
6.781470371,79.94526606,11.44,377,478,3293,3462,11.19
6.824164527,79.9094493,6.51,361,1124,3033,397,6.32
6.796310714,79.94408426,12.349,250,374,2463,2530,13.16
6.784220231,79.95562697,11.21,778,938,4110,2282,10.85
6.772614412,80.00166542,6.27,423,5917,9347,3203,6.12
6.774970347,79.94411444,9.89,120,707,3705,3755,9.85
6.793571416,79.93503763,10.05,285,685,1595,1807,9.44
6.795841962,79.94260368,12.716,160,205,2311,1796,13.22
6.789603137,79.94740262,8.56,225,1013,3030,3187,8.25
6.775847018,79.94796706,9.669,400,383,3932,3318,10.61
6.765795011,79.92843579,8.542,560,277,3879,4320,10.29
6.810611161,79.91186236,7,1282,1109,1646,1156,6.33
6.794368115,79.94285339,8.27,272,284,2377,2489,8.32
6.784337103,79.9223976,8.027,120,1900,1755,2210,8.23
6.795531775,79.92909978,8.399,260,992,914,1096,9.22
6.818275656,79.92735161,6.468,500,894,2098,1432,7.24
6.785613944,79.92447735,9.05,210,1807,1632,2077,8.15
6.793987629,79.92229403,9.97,566,866,682,1137,9.95
6.765830194,79.94679349,10.88,169,1502,4689,3943,10.55
6.82596413,79.95899663,7.79,405,2014,2100,2497,7.38
6.756449684,79.96079988,5.262,600,2854,6478,3681,5.27
6.816913615,79.92195265,12.146,200,492,1870,1027,11.18
6.826865151,79.90457094,8.66,328,1618,3352,252,8.55
6.794630176,79.94798886,7.88,188,815,2925,3002,8.04
6.781042246,79.9521969,9.21,545,424,3947,2709,8.62
6.805188252,79.94262545,10.129,500,1062,2333,2212,10.97
6.818105776,79.928358,7.69,548,783,2113,1470,7.52
6.812699927,79.91437837,8.49,659,759,1654,1032,7.74
6.804885132,79.9182243,9.284,700,809,797,675,10.36
6.788847792,79.9381181,10.242,380,830,2162,2417,10.73
6.763925624,79.96308553,6.089,770,2317,5068,2830,6.17
6.769428,79.95349109,7.528,110,1198,4870,3103,7.91
6.827044043,79.92696032,8.38,100,1384,1922,1514,7.78
6.79563831,79.92755483,8.775,400,868,770,993,9.55
6.80634157,79.92868867,10.705,450,284,994,650,7.53
6.815936632,79.91414055,10.02,515,507,1980,1308,9.09
6.773644132,79.9510671,9.227,140,660,4351,3094,9.23
6.769111752,79.95215302,9.85,160,1176,4790,3245,9.69
6.798292926,79.93124465,13.21,268,953,1018,1151,9.6
6.788347792,79.9376181,10.73,580,903,2151,2418,10.24
6.796441962,79.94290368,13.22,118,248,2331,2402,12.72
6.77590124,79.92734831,5.06,514,1068,2752,3190,4.43
6.788654806,79.90902165,10.2,112,1065,1950,2306,10.19
6.775401186,79.94391699,9.846,120,694,3654,3760,9.89
6.785201562,79.91076333,6.33,189,1406,2096,2498,8.27
6.821099941,79.93203131,8.688,750,715,2575,1975,8.03
6.807090516,79.93353072,12.134,270,823,1473,1240,12.84
6.821870984,79.93923185,7.677,350,880,2720,2587,7.8
6.756811178,79.93521366,9.11,395,1231,5028,5452,9.19
6.776424054,79.92547773,6.54,567,1207,2660,3106,6.74
6.761656231,79.93697181,7.09,480,912,4580,4992,6.55
6.821048661,79.93170148,8.031,950,727,2554,1948,8.69
6.780725382,79.95358877,9.61,504,551,4097,2565,9.19
6.791235014,79.94196762,12.885,110,528,2403,2579,13.34
6.817744547,79.91622346,14.473,160,204,2074,1354,14.55
6.826328066,79.91163336,12.37,160,1106,2788,536,12.14
6.79252787,79.91585167,8.579,400,733,1106,1507,9.07
6.790645462,79.92509267,6.959,120,1264,1099,1531,7.9
6.791245462,79.92479267,7.9,269,1192,1025,1460,6.96
6.795691119,79.92377148,8.92,507,685,519,954,7.51
6.760129862,79.95938368,4.6,822,2419,6069,3407,4.37
6.814314016,79.93039165,10.35,144,504,1820,1293,9.59
6.798957866,79.91116563,12.05,136,153,1243,1413,11.98
6.780748115,79.9737137,7.22,216,2768,6115,620,6.87
6.802489673,79.94256076,9.328,350,768,2272,2211,10.29
6.792698223,79.92390309,10.05,251,1017,845,1286,9.96
6.784620231,79.95532697,10.845,600,939,4061,2312,11.21
6.774144065,79.94188301,9.298,700,959,3620,3965,9.61
6.80694157,79.92898867,10.77,273,344,1065,756,11.1
6.832716729,79.96097171,8.057,300,1313,1496,1903,8.32
6.805894134,79.92950406,9.585,600,356,1029,712,9.97
6.769579564,79.94400924,7.265,550,1197,4170,3998,7.53
6.833803297,79.96373975,7.934,360,1329,1590,1988,8.28
6.776262051,79.93429497,9.62,233,1117,2971,3364,8.89
6.763046273,79.93650166,7.71,385,778,4417,4828,7.19
6.794563421,79.92256972,9.95,615,801,618,1072,9.97
6.835258488,79.94303191,5.91,376,1439,1558,1673,7.76
6.827365151,79.90487094,8.547,190,1571,3293,684,8.66
6.816492212,79.92043368,8.77,442,368,1834,1086,8.54
6.798282252,79.90989958,13.307,120,228,1393,1572,11.84
6.763570172,79.9316784,10.01,366,387,4198,4629,9.04
6.83588207,79.94038041,5.398,140,1554,1546,1815,6.17
6.780965757,79.9846744,5.932,550,3987,7262,997,6.75
6.767162433,79.94474008,7.656,260,1413,4437,4056,8.98
6.762546273,79.93620166,7.188,350,783,4458,4871,7.71
6.853167358,79.89250569,7.881,110,450,1980,2423,8.08
6.805627803,79.92732611,9.854,250,113,832,581,10.37
6.768280538,79.9303034,11.03,245,159,3653,4084,10.1
6.826069886,79.92736807,11.05,195,1347,2025,1631,7.78
6.783176065,79.9349233,7.807,700,1550,2352,2703,8.66
6.776461147,79.94340784,8.19,155,680,3529,3780,7.98
6.831829841,79.91084104,11.17,102,1449,2464,736,12.7
6.786488214,79.93360584,8.218,100,1309,1971,2312,9.02
6.795581797,79.91138233,11.997,240,252,1313,1585,12.32
6.798547831,79.9348581,9.38,316,723,1410,1486,9.07
6.790240675,79.91149072,8.676,350,841,1627,1994,9.04
6.775434005,79.9423784,9.181,350,835,3541,3875,9.35
6.803511025,79.93335906,13.418,180,805,1289,1081,14.36
6.771923615,79.93090363,8.093,560,560,3280,3705,8.61
6.821489314,79.89965628,5.485,350,2051,3463,978,5.91
6.809729924,79.94669803,5.13,213,1460,2920,2732,4.15
6.764412817,79.94527898,7.506,140,1649,4725,4172,8.41
6.785343796,79.92581828,9.31,426,1859,1690,2126,8.63
6.767273963,79.93156065,11.56,255,108,3797,4224,10.99
6.790044578,79.96937465,5.52,403,2581,5358,883,5.31
6.838145597,79.93691404,6.06,410,1678,1087,1793,5.34
6.790003137,79.94790262,8.245,350,1025,3065,3169,8.56
6.753892762,79.93314004,5.258,350,1473,5283,5316,5.99
6.808971527,79.92597168,14.388,240,408,1068,601,15.12
6.763319424,79.92906245,7.198,450,436,4163,4603,7.3
6.791256929,79.91542284,9.02,447,827,1246,1654,8.69
6.826475464,79.95943995,7.43,158,1962,2060,2459,7.38
6.793516497,79.90932736,10.89,151,554,1617,1907,11.21
6.792485256,79.91325529,8.767,250,610,1315,1676,9.64
6.770597093,79.93263571,9.28,372,466,3480,3898,8.76
6.808086409,79.93082979,11.67,205,585,1301,995,11.02
6.776932742,79.92297612,8.5,300,1407,2580,3034,9.4
6.814839336,79.92033682,13.343,180,499,1653,805,13.51
6.808712355,79.94445104,6.35,642,1299,2646,2464,5.7
6.789407636,79.93414113,8.38,754,1026,1778,2077,8.11
6.780542246,79.9518969,8.623,450,368,3950,2753,8.64
6.837552863,79.941012,9.87,190,1369,1504,1637,9.43
6.840655985,79.94183409,7.44,538,1069,1393,1354,7.32
6.838906454,79.9382258,8.62,350,1510,1160,1798,8.91
6.801035369,79.94712706,7.52,444,915,2766,2733,6.79
6.837645597,79.93651404,5.342,450,1746,1088,1753,5.17
6.781551955,79.95828813,7.618,1000,1079,4507,2035,8.19
6.792558665,79.93350648,9.38,109,885,1506,1763,8.42
6.835311322,79.94301153,7.76,412,1435,1556,1669,5.91
6.762979522,79.94262775,5.182,300,1401,4711,4505,6.16
6.849262739,79.90566295,9.09,139,911,2682,1212,8.79
6.783395129,79.91247231,7.467,310,1603,2157,2581,8.95
6.801938125,79.91672869,11.83,173,667,650,714,10.99
6.761462811,79.96452272,6.46,729,2628,6370,2997,5.51
6.80031603,79.92885341,5.807,450,700,980,730,5.86
6.850949926,79.90854091,9.2,529,833,2422,848,8.78
6.823890218,79.94573311,6.47,375,1545,2427,2697,6.25
6.825248247,79.90156218,8.202,190,1767,3624,653,8.83
6.778699157,79.97229794,6.575,450,2605,6054,995,6.76
6.796882335,79.92480333,8.432,300,590,456,746,10.74
6.821530501,79.94561433,7.755,540,1387,2677,2955,8.54
6.777904818,79.91955094,6.5,637,1740,2490,2947,5.94
6.779876463,79.91549956,7.84,152,2033,2375,2823,7.19
6.77855233,79.95082955,9.165,110,227,3981,2922,8.97
6.774370347,79.94371444,9.353,320,785,3727,3818,12.48
6.821328509,79.91865476,14.281,240,319,2395,1440,11.4
6.781422174,79.9281241,7.247,280,1640,2179,2604,8.17
6.774096855,79.94239991,9.609,350,916,3659,3967,9.3
6.821922621,79.90946306,6.439,350,700,550,800,6.64
6.834911322,79.94331153,7.484,450,1457,1559,1686,5.91
6.805993432,79.9287822,11.48,484,280,975,698,10.71
6.773802953,79.94494256,10.9,142,740,3864,3712,10.4
6.826227904,79.92517204,8.93,401,1178,2047,1521,8.9
6.785198997,79.91153497,8.83,233,1401,2045,2454,8.24
6.794236997,79.91130488,10.011,100,400,1385,1687,10.4
6.822906121,79.93007907,6.63,677,997,2368,2029,6.19
6.771726823,79.93375929,8.18,515,638,3407,3816,7.77
6.794311145,79.93054135,8.32,280,1150,1123,1401,8.44
6.787811965,79.91316999,8.3,181,1119,1703,2111,9.95
6.766230194,79.94719349,10.545,140,1451,4679,3582,10.88
6.803500207,79.91878219,9.533,600,679,642,696,9.76
6.82896821,79.96024117,9.8,213,1700,1830,2235,8.92
6.804783428,79.9373254,9.312,290,1067,1753,1621,10.13
6.776762051,79.93479497,8.89,150,1190,2948,3335,9.62
6.753896966,79.93049067,8.462,320,1447,5223,5363,9.43
6.839527057,79.94155915,6.63,374,1173,1462,1451,8.59
6.777230333,79.99479709,6.45,560,5113,8461,2291,6.19
6.778099157,79.97279794,6.76,625,2663,6131,931,6.58
