LAT,LONG,Price_per_perch,Road,City,School,Hospital,Bus,Train,Market
6.776164816,79.95101774,9.489711989,140,409.398155,4162.105202,2986.918546,2411.106911,8174.570552,1058.69924
6.76723567,79.94415944,6.729025522,600,1427.586034,4394.000489,4107.953869,3156.268342,9278.528909,1586.1816
6.788654806,79.90902165,9.893797495,112,1065.086206,1949.826135,2306.053682,2208.993219,7723.588879,1478.245521
6.776451148,79.98346428,6.526092908,826,3859.093372,7298.815504,1325.477965,5164.041352,8067.148728,4524.606093
6.791376249,79.93200723,8.754521342,403,1092.74098,1454.698307,1759.924691,1109.443217,6827.620906,782.006037
6.788411965,79.91266999,8.343594471,180,1046.999812,1684.793472,2082.924992,1949.900732,7706.762778,1358.11971
6.773089597,79.95063681,9.361843753,181,703.3702142,4358.254856,3163.893948,2703.041248,8516.924462,1252.093134
6.781630406,79.92979739,8.852303242,293,1641.938805,2220.025059,2631.381403,1986.391476,7938.455848,1481.022911
6.769828,79.95379109,8.603048332,148,1173.391487,4862.71764,3050.326343,3179.602015,8796.636739,1756.702905
6.838145597,79.93691404,6.550472396,410,1678.002877,1086.768687,1793.297196,1537.229578,1875.499149,2872.900018
6.83588207,79.94038041,6.546253377,140,1553.606188,1546.182101,1815.264781,1989.550895,1855.050926,3048.316742
6.766650452,79.93269662,10.05578226,220,227.6000384,3899.382043,4322.522842,3337.215859,9493.161107,2013.50341
6.808571098,79.92388277,11.97634597,170,453.8610942,957.7567266,328.1943062,649.7563153,5403.921672,691.5515338
6.797191287,79.91791911,11.25895735,450,674.6833598,584.145993,945.8451966,838.1341082,6704.522085,445.8378522
6.779476805,79.95072253,9.216045578,210,207.2657102,3909.748687,2907.216431,2073.013783,7825.884273,875.3662606
6.779552859,79.94008812,8.309011784,563,979.8489647,3026.343986,3353.085743,1771.246384,7949.737725,396.9012495
6.824595498,79.90060768,9.940307033,270,1843.446652,3637.978087,725.6207282,3313.517743,4152.04021,1721.498186
6.765967364,79.94565802,6.573824716,577,1511.59339,4604.25289,4040.004073,3317.893061,9412.673925,1746.189223
6.808312355,79.94405104,6.651270641,450,1288.741207,2588.301005,2411.534961,1469.123219,4720.824939,1530.321986
6.782872805,79.99759655,5.30914951,370,5435.356855,8374.135775,2416.435103,6438.159606,7868.227414,6064.708491
6.784099739,79.91031783,5.702829737,670,1533.086058,2224.016329,2628.451406,2489.555828,8209.258524,1890.089396
6.773689597,79.95033681,9.097165752,220,630.1260954,4288.110152,3164.804281,2628.545695,8460.121141,1180.313631
6.821145891,79.91836271,11.17122889,220,291.7793734,2380.397124,1419.331451,2168.52596,4039.125261,100.5095897
6.764571827,79.94693097,8.805587449,170,1638.082802,4812.473723,4011.515151,3494.872459,9536.994495,1925.823626
6.794221939,79.94781679,8.48217534,200,804.984906,2915.839978,3000.630307,758.0533972,6264.479734,672.6399302
6.793911145,79.93104135,9.053489154,238,1102.365869,1194.273386,1470.273995,1133.456159,6586.834833,660.37938
6.7812812,79.95146541,9.616145356,520,371.2762676,3864.512697,2783.952971,1951.446851,7610.68133,930.155136
6.805421212,79.91971257,9.599281245,493,527.2114903,656.0639215,253.2804727,578.7280022,5790.807786,487.6662776
6.790540675,79.91099072,9.284902026,491,812.6139924,1646.938291,2003.935665,1905.730342,7488.727815,1192.497738
6.814435067,79.932785,11.86819445,138,245.8477443,1976.121007,1513.744806,1544.747035,4373.09218,559.7159726
6.76902218,79.94442341,7.891870421,695,1232.828677,4246.922622,3985.73518,2962.230209,9078.550478,1390.813926
6.816476562,79.92821185,10.52029782,200,746.3424634,1936.516657,1308.946383,1553.435447,4401.541227,704.0958467
6.793868115,79.94255339,8.871260606,186,295.337012,2360.189525,2484.255342,237.1361805,6336.549172,97.06834647
6.790003137,79.94790262,8.334844675,350,1025.216025,3064.668989,3169.409249,967.7129327,6733.777906,773.087527
6.794905302,79.91052402,10.62432301,280,354.8066794,1430.707374,1707.006272,1665.241345,7012.405768,809.9186669
6.805894134,79.92950406,9.579738465,600,356.3616146,1029.354427,772.4448423,593.5497687,5390.404997,498.2624182
6.835429336,79.94130845,8.06079462,240,1528.37718,1659.236661,1780.068722,2104.342176,1853.438969,3067.515523
6.854748107,79.89482011,10.47641874,240,518.015267,1854.854844,2148.530311,3497.611556,2388.443573,1809.260034
6.756911178,79.93501366,8.532140007,379,1211.961387,5011.233687,5436.092004,4340.141529,10520.78133,2875.246742
6.816133083,79.90980701,8.903004218,421,935.9376728,2259.015383,1208.723905,2198.988691,4693.143398,1002.957388
6.836710455,79.93628308,5.319026058,500,1827.034696,1142.623072,1741.373836,1537.990572,2041.19501,2723.83033
6.816233083,79.90990701,8.938374154,606,922.0926889,2261.012404,1201.163581,2199.165608,4680.011188,987.7639057
6.85376984,79.89618568,9.932288343,170,616.542248,2002.908624,2008.71247,3316.357827,2495.10901,1989.031433
6.766873963,79.93186065,10.4687737,200,132.9334008,3848.855338,4275.441037,3340.833809,9486.273118,2048.664443
6.776461147,79.94340784,8.689910675,155,679.6823852,3528.597901,3780.252742,2126.94127,8258.69155,556.4066892
6.769545102,79.94587973,7.171772081,379,1121.288692,4296.725004,3815.396994,2929.467567,9014.027384,1360.338604
6.795734352,79.91129761,11.66782952,127,237.7890379,1315.581429,1582.787312,1546.088416,6910.636346,683.7760898
6.792198223,79.92350309,9.771347966,170,1067.254468,891.1064555,1338.107452,1096.437356,7054.000154,1113.644407
6.792893513,79.93418956,10.31807089,393,800.8118378,1549.490349,1789.337708,820.7750945,6602.91983,515.3092203
6.781551955,79.95828813,7.746468671,1000,1079.307547,4507.252702,2034.696158,2457.462016,7424.981853,1689.111499
6.794563421,79.92256972,9.476013056,615,800.6898219,618.3457721,1072.330606,842.1335354,6855.497823,846.5157632
6.760129862,79.95938368,5.369583103,822,2418.528339,6068.992136,3406.546695,4423.405773,9772.185127,2984.664308
6.835311322,79.94301153,7.78948925,412,1434.891008,1556.000806,1669.491093,2284.013485,1793.931976,3139.469178
6.853167358,79.89250569,8.715166368,110,450.0622363,1979.87979,2423.476378,3680.190373,2526.565082,1817.717077
6.805627803,79.92732611,10.23860732,250,113.4901119,831.5954742,530.9877472,393.9639288,5516.066108,595.9617519
6.839683503,79.95874011,10.11600054,290,499.3823529,734.0122624,1129.300787,3884.090869,1413.052457,4581.221842
6.76838683,79.92503848,8.338866352,555,647.6713763,3543.306501,3992.937845,3501.221917,9499.846807,2480.94616
6.784336955,79.93895791,7.770025718,550,1245.592837,2554.257245,2852.448883,1258.339527,7437.913802,562.2289184
6.813792972,79.92210245,10.58625607,440,711.2568161,1522.158015,781.1417034,1261.471244,4875.549266,911.7046241
6.816366243,79.93308104,9.429225964,190,226.3830439,2171.191421,1669.26655,1744.431518,4163.119261,759.6023224
6.851244713,79.90747916,9.614451653,220,891.7705291,2544.542213,917.2607699,2051.791656,1388.481837,3058.967927
6.778454195,79.95079383,9.645894549,110,226.4742447,3983.948387,2929.191466,2175.202825,7933.89592,918.0146345
6.785043774,79.93960102,8.744502065,750,1206.706978,2554.405789,2838.608131,1168.80823,7350.234504,558.3983666
6.789738531,79.92731996,8.560160368,300,1432.001232,1283.296203,1688.109612,1428.72337,7156.62802,1271.198897
6.803510351,79.948887,7.525361188,210,1244.198857,2984.308206,2907.170161,1246.80898,5231.066012,1373.634147
6.793296967,79.93728215,10.95801441,241,478.7027232,1833.317277,2020.795897,488.378215,6485.251698,451.2926976
6.765619852,79.93026581,9.216491863,250,149.1006163,3939.349365,4373.649435,3530.502428,9658.626218,2268.205197
6.793195265,79.94293321,10.83665911,140,379.5949394,2423.338058,2556.823365,321.4665636,6406.908569,124.4375964
6.798292926,79.93124465,11.74723242,268,953.081298,1017.697447,1150.527904,850.7190478,6115.206213,545.7848602
6.824417761,79.92097762,10.2556893,111,737.208577,2382.004136,1593.383904,2098.524406,3687.072951,562.5678596
6.772183305,79.93225569,8.65434807,591,614.0006343,3299.823424,3716.580269,2768.854927,8898.482907,1587.912582
6.767505931,79.9455059,7.480565518,450,1350.540281,4454.206359,3963.63923,3146.141588,9242.142543,1574.568138
6.80031603,79.92885341,7.291836534,450,622.8666591,731.627152,804.1548287,503.3345641,5992.842799,720.0578491
6.805188252,79.94262545,9.404267686,500,1061.997345,2332.959535,2212.086661,1097.673443,5084.201934,1157.941656
6.825548247,79.90186218,9.146156132,308,1733.373354,3629.041435,563.4708178,3138.278163,3993.174245,1598.050494
6.780601278,80.00239278,4.68352475,417,5955.460726,8894.542164,2984.591677,7015.173594,8325.331517,6596.97429
6.803910351,79.949287,7.711975157,334,1307.115393,3034.335895,2950.812913,1309.738322,5187.26028,1435.633992
6.785701562,79.91026333,6.760617097,220,1356.962905,2087.845302,2481.964097,2352.821177,8032.779284,1722.863048
6.805993432,79.9287822,10.88213115,484,280.4225719,975.325121,697.8372204,536.5389107,5412.048862,499.7767971
6.774319999,79.95146065,9.039837737,254,610.3554681,4333.206335,3021.81772,2616.674043,8362.388981,1222.165695
6.823570779,79.90476805,9.029113209,240,1558.929766,3257.076208,405.1232279,3043.970207,4059.193279,1251.068294
6.789407636,79.93414113,8.153370805,754,1026.067219,1777.701578,2077.401896,1025.741264,6981.38748,886.3155856
6.795021777,79.91055195,10.61820916,218,341.7712177,1422.656656,1696.703738,1656.352975,6999.161994,798.2420642
6.781323852,80.0018979,5.207452982,392,5903.144853,8797.230554,2915.800075,6943.044155,8228.780784,6541.247631
6.766564383,79.92735769,9.933034862,464,369.9832075,3775.265553,4218.975171,3558.634575,9629.222152,2411.396792
6.819242002,79.93177218,11.59561607,578,553.8005016,2375.895763,1793.608391,1967.213291,3939.318044,1011.453163
6.806522674,79.92872086,8.492738446,500,295.3429389,1010.914442,710.3954662,571.7009461,5360.972712,444.6025525
6.837704146,79.94424208,9.788229274,140,1136.02766,1287.497138,1375.366752,2329.83929,1497.922062,3438.828416
6.807090516,79.93353072,11.17351348,270,822.5147207,1472.875534,1239.531783,1047.932231,5106.208998,549.0031531
6.753896966,79.93049067,8.004029352,320,1446.747851,5222.685335,5663.069472,4770.840018,10933.11231,3372.037806
6.82846821,79.95994117,8.572624834,140,1749.517677,1869.009499,2272.681604,4230.047288,2330.433952,3908.917802
6.826688382,79.93457647,8.398713936,147,1266.924095,2034.371066,2067.725988,2166.841008,3063.239596,1891.773141
6.848498208,79.89493,9.61256428,400,288.94249,2535.202109,2295.718292,3290.183849,2785.134711,2403.061661
6.777904818,79.91955094,6.669604324,637,1740.410368,2489.595521,2946.975583,2725.495482,8692.171074,2535.123869
6.804485132,79.9186243,9.565283699,588,547.3195445,634.1254927,412.8072316,623.767198,5892.953108,516.9537038
6.769117474,79.91519541,7.407650666,270,1738.932682,3537.662515,3992.387453,3783.805821,9780.089169,3395.313734
6.803148813,79.93451777,10.64863962,240,940.2120672,1402.775545,1312.718508,1046.725391,5491.273245,687.9166978
6.800273779,79.94075832,11.3518273,400,494.7650724,2055.933871,2049.158282,539.350556,5654.413206,631.9184303
6.784806392,79.98393851,6.394658874,500,3950.238864,7068.461074,881.7130376,4909.538349,7171.46633,4558.311513
6.814868363,79.92917541,11.00641543,211,629.5162499,1812.060991,1237.284319,1410.140638,4504.67489,506.9451813
6.822253468,79.90802963,11.62683439,450,1167.650761,2929.579232,499.6324754,2842.979159,4079.437959,890.5262653
6.810360418,79.91414515,8.563512095,478,1002.732727,1455.76572,912.0697551,1406.737589,5259.571491,1127.080038
6.821922621,79.90946306,7.968134997,350,1005.612857,2814.620358,595.6146127,2718.196531,4073.345913,737.0105648
6.816492212,79.92043368,9.293554466,442,368.4306499,1833.90718,1085.67598,1603.403818,4563.040943,558.8210147
6.777099616,79.94205567,8.838937856,497,793.9305279,3376.018141,3702.341242,2043.217703,8199.305753,498.292402
6.768360613,79.94181281,8.755144018,230,1250.833074,4147.795375,4277.44263,3013.858804,9170.555452,1463.792598
6.813299927,79.91397837,7.991847326,800,728.3121445,1733.761149,1108.641515,1652.365185,4935.643209,911.7849096
6.779652859,79.93998812,8.29246104,674,991.5125799,3010.649584,3337.587083,1760.899324,7939.983461,400.6853853
6.775970128,79.95195281,9.39687527,150,492.6528341,4256.189427,2898.149394,2479.302278,8171.119781,1157.914856
6.823784284,79.92107969,8.913176232,384,681.7489387,2442.956277,1616.672737,2166.402095,3758.245703,520.5115267
6.810611161,79.91186236,6.941710423,1282,1108.871754,1645.595589,1156.074689,1623.079087,5260.351012,1212.029325
6.825727904,79.92557204,9.043587758,250,1170.71495,2092.175024,1588.56917,1933.775671,3620.690089,1050.922934
6.805541875,79.93051217,9.398686567,444,463.4753972,1097.068616,874.231236,670.4792659,5384.165885,541.3573296
6.778699157,79.97229794,7.393322612,450,2605.383026,6053.648001,894.5738675,3938.013576,7659.943073,3262.269913
6.792558665,79.93260648,9.086337945,136,977.5711346,1423.525342,1697.149858,999.2832516,6683.116449,636.234398
6.775019999,79.95076065,9.142412129,188,506.0560461,4223.275341,3061.24636,2512.719302,8305.083723,1112.395041
6.774740451,79.91634651,5.343607789,663,1816.501447,2899.260791,3353.818337,3146.163963,9153.125294,2846.751848
6.799602225,79.97235543,4.691867984,767,3462.636976,5364.353082,1590.883453,3506.822726,5339.024977,3466.169047
6.822506121,79.93037907,7.139590771,550,941.2026991,2414.117374,2006.345452,2262.725974,3703.81143,1352.756215
6.793323107,79.94166721,11.26888457,100,296.2311565,2285.469307,2427.01989,243.3835882,6407.580116,19.21255492
6.777777436,79.93169289,9.166746026,182,1215.777065,2696.797543,3104.370776,2227.161734,8303.512434,1334.210204
6.761962811,79.96402272,6.212423132,590,2549.353498,6291.874522,2971.620706,4513.381919,9526.847715,3180.884234
6.769390716,79.96000714,7.148360718,410,1647.274656,5413.328312,2555.066554,3580.364264,8740.386636,2310.161078
6.824450788,79.91007764,8.005793965,306,1084.905485,3029.189486,432.8393315,2583.214515,3783.867009,678.0774489
6.810444261,79.9246469,12.07041829,239,600.4239431,1179.200944,534.109615,845.1564677,5181.157197,577.3420379
6.833803297,79.96373975,7.943619211,360,1328.671656,1589.607157,1987.997368,4540.157203,1619.319817,4586.280782
6.784239796,79.99623064,5.484653507,400,5297.881232,8162.122256,2249.143683,6257.845869,7667.79467,5918.802948
6.783176065,79.9349233,7.560983326,700,1550.262687,2351.588449,2703.464125,1528.406474,7640.812997,930.5317149
6.809729924,79.94669803,6.406734924,213,1460.230455,2919.832461,2732.355193,1707.126994,4542.478303,1836.279691
6.827865151,79.90437094,9.515298497,122,1504.753877,3307.740819,307.8849721,2759.597314,3638.463661,1402.134167
6.772556802,79.9301256,8.49324914,220,632.4005675,3187.850524,3615.581718,2824.27585,8908.739392,1750.982127
6.787556832,79.91365291,9.643035895,182,1155.36476,1695.109441,2109.272103,1960.634653,7793.565769,1432.098616
6.828091844,79.95161774,6.194199733,350,1889.298469,1801.824481,2137.812789,3494.60365,2521.949465,3125.072802
6.762979522,79.94262775,6.335728336,300,1400.502319,4711.201092,4504.979089,3615.499136,9761.156684,2056.09933
6.835596655,79.93965466,6.876672315,180,1630.885594,1502.131618,1895.466127,1929.228828,1922.3778,2963.603403
6.821522621,79.90906306,7.9009806,510,1032.073554,2799.464663,615.3502205,2708.5976,4127.411885,789.0413179
6.788347792,79.9376181,9.754117591,580,902.6919911,2150.747884,2418.017479,879.6478131,7020.200784,730.1638381
6.807590516,79.93303072,11.72024846,180,784.6774464,1456.934368,1202.076187,1025.915045,5072.025047,470.4994868
6.803548813,79.93501777,10.93198015,183,984.1813945,1467.788206,1364.993481,1104.514235,5433.107876,720.5408972
6.786600917,79.93621959,8.978433283,334,1144.196306,2159.980835,2465.939358,1124.056478,7239.210573,956.7402851
6.839306454,79.9379258,8.358028605,376,1513.576734,1108.928841,1804.141355,1604.853489,1704.247908,3040.068868
6.802493771,79.92598837,12.20740206,224,317.5335787,490.2087069,406.2995862,105.5408523,5894.992457,372.7972906
6.788616349,80.00140255,4.570153362,979,5937.028949,8131.65225,2835.322118,6750.789726,7485.176629,6534.904063
6.776557975,79.94057504,8.850469549,360,969.1119947,3318.429519,3659.870943,2101.643375,8274.964158,613.1837228
6.782898288,80.00500971,4.411077833,589,6258.28815,8876.610016,3235.360394,7244.95305,8236.304298,6889.338548
6.80157853,79.93214027,11.5188589,130,767.0883651,1109.031575,1083.289766,794.6624891,5736.816375,654.706261
6.795831775,79.92949978,9.329955678,244,1002.043629,933.8478633,1196.258197,921.9683485,6436.641363,739.5943783
6.792519513,79.92541499,9.620173268,216,1070.819806,914.0522464,1333.483231,1078.056454,6940.09908,1116.971112
6.78427337,79.9086013,7.947189824,280,1547.561774,2328.664688,2717.851103,2593.303324,8212.977563,1937.953427
6.797682252,79.91019958,12.79970181,184,187.8816038,1371.149126,1571.510123,1576.109401,6710.664534,648.3852992
6.795841962,79.94260368,11.69613021,160,204.9066038,2310.581897,2395.5736,171.7750492,6117.529209,287.1096924
6.816913615,79.92195265,11.4953422,200,491.6136826,1869.597539,1126.721444,1602.446172,4528.218175,637.0921682
6.822130501,79.94521433,8.259076374,394,1383.93307,2630.139116,2901.528375,3004.598749,3178.295426,2154.771315
6.810229924,79.94709803,5.657328232,350,1478.516796,2981.838596,2788.567659,1775.268456,4485.282573,1907.493378
6.80031549,79.93263845,10.76725033,173,894.3016073,1152.634186,1180.840999,883.8126745,5853.581275,514.9593446
6.815158927,79.92134533,11.61623429,350,543.0108317,1677.242047,930.7134002,1430.952421,4717.374847,738.528575
6.76500789,79.92900781,9.497743349,219,279.8290885,3977.012262,4416.205669,3643.946645,9755.161991,2410.154597
6.779876463,79.91549956,7.870662279,152,2033.209997,2374.680017,2823.343379,2629.554196,8636.534826,2273.387608
6.770791715,79.9511522,9.348444112,220,965.0483319,4578.465476,3236.848955,2961.106996,8752.482282,1486.031489
6.755912107,79.9321231,6.010102435,122,1233.107124,5038.417686,5473.346581,4510.230488,10680.50392,3093.401133
6.79623831,79.92795483,9.350760594,485,846.5453107,764.4849041,1058.649049,801.9396444,6452.347335,885.2580479
6.818777734,79.92781626,8.245726301,434,869.484786,2166.051897,1505.625686,1796.096653,4206.971187,963.1324965
6.801035369,79.94712706,7.881893728,444,915.0672697,2766.364427,2733.286784,913.9985518,5507.80912,1035.757393
6.811542933,79.93746083,10.67227347,155,511.5597715,2114.187224,1826.844623,1679.225565,4503.27141,858.59689
6.785922406,79.9952358,6.347613009,524,5211.539993,7945.380787,2131.822917,6114.226328,7452.036118,5821.265856
6.780970371,79.94496606,10.49872106,270,480.2362039,3302.608759,3502.788829,1665.95004,7747.794177,213.6766583
6.793516497,79.90932736,10.58171961,151,554.0545534,1617.387927,1907.017661,1857.410487,7183.077589,1013.847345
6.818742002,79.93147218,11.39046971,400,533.6366032,2311.231211,1729.469982,1903.133732,4004.105703,950.2137548
6.774370347,79.94371444,9.180008398,320,784.5888643,3727.068944,3818.488046,2361.99033,8488.672551,790.920113
6.768368899,79.9471953,8.330878418,350,1215.744052,4489.90628,3753.066943,3087.015362,9121.328763,1525.173387
6.806501368,79.9273583,10.6357361,280,172.2749139,907.9095955,570.613925,475.643129,5426.663167,510.1740416
6.794368115,79.94285339,8.877780106,272,283.7048522,2376.545343,2488.896938,227.3530561,6277.866022,158.2517915
6.827428541,79.90595854,9.365537148,441,1595.460222,3189.661076,134.7290117,2653.614864,3611.644478,1220.64531
6.815755496,79.92190323,10.49039405,350,548.5221975,1740.892121,997.7483438,1478.32402,4656.094667,724.0367801
6.767250452,79.93309662,10.51655301,144,273.239521,3849.372181,4269.840065,3260.739789,9419.421243,1933.296456
6.806250559,79.91285909,8.73278969,130,947.6481899,1251.076646,966.327352,1290.894128,5728.582764,719.0831155
6.768280538,79.9303034,10.45306844,245,158.9532427,3652.570306,4084.359079,3252.326913,9368.395853,2043.879343
6.78140025,79.91372106,8.29566541,410,1834.903286,2289.569125,2727.618397,2550.655226,8476.71441,2112.113275
6.801177981,79.92767733,9.322223248,400,484.324995,611.996963,642.3186697,341.2420361,5952.894171,569.8032773
6.78302866,79.95042132,11.60257485,262,462.673796,3662.859341,2870.982227,1726.059401,7453.75545,832.4614528
6.782498288,80.00460971,5.001229421,600,6211.064768,8882.458412,3195.883711,7210.041844,8253.560198,6843.944534
6.78487337,79.9091013,7.847769937,415,1470.056831,2241.779448,2631.224559,2506.407362,8139.616518,1854.944476
6.833057673,79.91321596,9.55835737,153,1562.908986,2168.72368,1012.942386,1634.099193,2772.271227,1160.523221
6.779056929,79.92595223,7.641166356,153,1450.875062,2378.154354,2820.35873,2483.529409,8333.103777,1927.242291
6.80634157,79.92868867,10.45565311,450,283.5233018,994.2311355,699.9913935,554.9551341,5380.835506,464.9572621
6.754519223,79.92733906,8.539896418,115,1426.25907,5104.072108,5551.357171,4803.908479,10934.6323,3472.510555
6.808384578,79.94822211,6.92199298,380,1625.145839,3029.46121,2869.882473,1643.219658,4688.436701,1814.608905
6.801658714,79.93925628,9.931743735,170,670.1386178,1896.544425,1856.484214,722.181413,5530.24861,617.8249923
6.795531775,79.92909978,8.820813418,260,991.9914142,914.0440326,1195.710631,928.3928103,6482.779499,790.1964669
6.78079991,79.94475149,9.530123145,350,494.7306756,3296.730298,3529.31997,1678.367094,7767.934153,196.8470827
6.817459975,79.91992912,11.94618204,190,261.6407065,1947.687298,1199.761332,1723.571492,4452.884849,438.437292
6.750691871,79.93073722,7.381271609,300,1803.242123,5578.707232,6019.752935,5110.828841,11279.16269,3688.935045
6.754219223,79.92653906,8.568261855,126,1483.611454,5128.260926,5577.125294,4864.498156,10986.56518,3546.793423
6.807055335,79.92915001,10.94041103,170,366.0465216,1086.596987,777.2667475,647.4737659,5287.428561,375.5195964
6.767413142,79.94449461,8.827858778,173,1395.759582,4398.421724,4065.790376,3140.885533,9257.001631,1569.717709
6.817605776,79.928658,8.376893649,350,731.5040352,2071.555897,1440.862528,1687.081902,4268.186802,816.7454616
6.7700107,79.94747457,7.816116302,650,1030.467209,4367.547476,3634.795536,2916.446847,8936.940748,1362.680963
6.773839955,79.9433434,10.99009943,260,855.1181281,3746.649931,3877.289657,2415.981179,8550.171227,847.4497547
6.786543357,79.95141577,8.084682312,727,867.9474984,3576.010007,2745.032149,1514.48145,7047.348607,1084.142321
6.825928066,79.91123336,11.55257768,150,1101.343145,2851.201889,496.2719067,2374.575734,3594.273691,621.9394224
6.770597093,79.93263571,9.160877973,372,466.2053176,3480.304464,3897.808781,2920.527785,9063.170023,1678.197242
6.786528714,79.92719518,7.606173498,886,1766.175542,1607.335844,2027.939626,1770.941372,7499.378036,1536.083318
6.792175928,79.93869958,11.01913228,197,466.5643548,2029.07188,2221.812546,451.6131627,6580.166324,373.2023793
6.792478742,79.93114216,9.085600834,450,1133.321783,1301.400278,1604.151359,1157.283051,6736.201748,751.0522479
6.813084956,79.94231297,8.279985811,300,869.8594576,2655.309393,2388.130889,1967.845975,4219.373089,1421.03231
6.77855233,79.95082955,9.766443864,110,226.6892747,3980.523897,2922.344768,2167.702655,7922.327704,917.8223041
6.780276463,79.91589956,7.486846036,170,1999.075375,2318.5101,2768.163942,2572.536731,8590.555885,2229.544748
6.835557697,79.93649259,7.180210617,350,1888.040427,1253.860279,1788.980256,1620.711769,2124.86571,2674.00517
6.83134271,79.93827316,6.852332073,487,1825.47141,1746.621598,2128.308992,2053.632243,2410.996824,2516.288714
6.788016349,80.00100255,4.314934084,900,5881.68618,8153.777595,2784.380335,6714.45282,7522.322952,6482.874436
6.78182209,80.00633223,4.488538248,900,6398.467078,9062.912629,3395.317183,7412.943626,8413.025029,7034.72889
6.791764216,79.91065244,8.617284086,182,684.2463773,1592.771975,1928.793547,1846.427994,7357.67632,1087.673088
6.792896967,79.93688215,10.38703731,300,540.9600741,1812.16852,2012.947817,549.2110705,6537.497484,482.9456983
6.763579522,79.94312775,6.736514358,483,1434.857247,4680.086871,4421.46625,3551.891446,9691.043169,1988.650651
6.790656929,79.91492284,8.91106317,350,862.5582406,1333.143211,1739.287327,1598.564049,7440.949872,1075.214263
6.781422174,79.9281241,7.608460892,280,1640.488269,2178.898761,2604.40749,2126.251618,8011.140734,1667.070126
6.775670128,79.95225281,9.710092986,114,539.8488583,4303.149898,2880.157117,2524.735895,8196.058089,1203.919377
6.763570172,79.9316784,9.537524469,366,387.0927179,4198.205189,4628.923028,3697.979079,9850.973302,2361.322187
6.849098208,79.89463,9.19228338,230,331.5087102,2463.30216,2303.013843,3335.84878,2793.425758,2328.440696
6.795629431,79.92358346,8.284284424,418,688.6694236,519.5268742,958.2889932,714.5765375,6700.779607,735.1773441
6.821448661,79.93130148,8.130589726,823,787.615471,2538.877722,1959.755643,2179.504534,3750.403741,1244.485599
6.774420744,79.94728013,8.374788086,600,557.1833859,3988.55355,3444.858954,2437.165153,8468.18068,909.8081361
6.797151045,79.92382871,10.2191405,328,527.2859693,371.8826016,793.7422476,545.4745721,6535.396065,573.6626608
6.774920744,79.94698013,8.544111038,476,517.5632639,3925.4325,3456.056216,2374.442958,8413.096486,844.9320096
6.775924054,79.92597773,6.65929129,400,1131.593113,2722.632739,3166.737049,2747.831991,8665.526085,2002.696349
6.806384182,79.92805567,9.791267248,350,223.2138365,948.4849641,635.9391608,510.5016048,5405.554152,484.662007
6.800967282,79.91710643,10.64865933,230,630.5829453,583.5109264,721.7203862,740.6820015,6285.674357,203.3419556
6.794116497,79.90962736,10.03637526,260,479.6639985,1557.979509,1839.573266,1795.046403,7112.365586,942.0392065
6.826328066,79.91163336,11.65769454,160,1106.41832,2788.263535,536.1996428,2312.310474,3541.263166,610.3526807
6.777049762,79.94754098,10.39984018,300,278.8154464,3805.790321,3320.696565,2167.458616,8175.324506,695.2485741
6.807108601,79.9298903,9.766552103,140,440.8758245,1150.030593,855.3882657,711.0118359,5249.223659,361.824993
6.78435628,79.9976719,4.711204522,805,5458.709702,8245.31026,2408.16116,6412.568167,7721.270452,6079.622402
6.821699941,79.93163131,8.742463951,601,794.9776465,2514.673764,2003.435075,2217.774698,3707.761199,1277.432336
6.775434005,79.9423784,8.987339134,350,834.5745634,3541.214755,3874.955901,2230.292896,8381.036368,674.5748911
6.805986243,79.90894966,8.649813534,200,968.7256399,1620.822273,1402.292225,1695.838,5819.71828,956.2236154
6.769357933,79.92029215,6.986277224,240,1186.229829,3429.096267,3886.100629,3656.968416,9555.265575,2873.121008
6.791976249,79.93150723,8.324020331,530,1115.301662,1368.757736,1673.255338,1136.127616,6778.474918,763.4967516
6.790338531,79.92771996,8.949321322,101,1387.111698,1244.61585,1639.139448,1378.724262,7079.014549,1194.224093
6.826515616,79.94279382,5.61870493,900,1530.96536,2314.794581,2530.859962,2784.740184,2741.885157,2304.31711
6.826288382,79.93417647,7.954659179,190,1224.210329,2064.659075,2065.715758,2180.881228,3124.087409,1836.873238
6.785406392,79.98343851,6.448413493,509,3906.638957,6998.572235,820.3226321,4839.732359,7093.604391,4508.891498
6.801893771,79.92568837,11.84931534,230,330.785106,427.7573385,415.0851744,125.2926545,5969.601541,339.0945575
6.838906454,79.9382258,8.222759367,350,1509.594998,1160.008072,1797.892206,1648.963338,1714.979503,3040.813094
6.77649711,79.94976847,9.415804805,400,312.548881,4032.112067,3104.544357,2317.152716,8173.574614,923.7680329
6.788422065,79.92975935,8.785593293,293,1475.623386,1544.174671,1921.652384,1485.069526,7212.702426,1194.775109
6.820545891,79.91806271,11.39506014,155,220.7392051,2321.318423,1419.521362,2118.164584,4105.968522,51.55774077
6.775240451,79.91584651,5.000318787,800,1892.145068,2858.542169,3311.890913,3107.597662,9123.816371,2789.617575
6.765119852,79.93076581,9.565368465,379,198.2339443,4006.310569,4439.131283,3564.477512,9701.666818,2277.713734
6.797790317,79.93113626,9.654137677,176,992.9789297,1018.616605,1173.853227,876.0196014,6172.106104,547.4792631
6.854321098,79.89652237,8.477489517,390,668.9662716,1957.336652,1964.164996,3304.253965,2448.697797,1966.417512
6.804739566,79.91796767,10.14303422,442,624.0483367,703.7332371,457.3650623,701.8993388,5864.660113,569.6904578
6.805922674,79.92832086,8.427326125,682,228.9237938,932.4134056,646.4196517,493.1449858,5440.089363,521.6811572
6.786522406,79.9948358,5.737188222,650,5177.6401,7865.184066,2088.834146,6059.110326,7373.142874,5783.053683
6.762546273,79.93620166,7.649440345,350,783.4836995,4457.580201,4870.862422,3700.350225,9881.51566,2239.535109
6.794064494,79.90976297,10.88010574,346,476.9570397,1546.867034,1831.196392,1784.798143,7116.066635,936.1006443
6.796757856,79.92981896,8.844356481,140,966.2672826,918.0548907,1141.883564,857.5253658,6327.654563,690.7710843
6.792340643,79.93114344,7.27552216,560,1138.331119,1311.58835,1616.765634,1161.613855,6750.893823,761.6647601
6.774044132,79.9514671,9.816336949,297,637.9445061,4354.130589,3034.267564,2644.584343,8392.09443,1242.853462
6.824164527,79.9094493,8.00716924,361,1123.517118,3033.025814,397.0654246,2650.867005,3832.16001,739.9653329
6.767162433,79.94474008,7.942393356,260,1412.77042,4436.848362,4056.395826,3171.93988,9283.642191,1600.349564
6.82896821,79.96024117,9.053108203,213,1700.151647,1829.932736,2234.92415,4294.908327,2265.921093,3966.312336
6.765830194,79.94679349,9.982970223,169,1501.723886,4689.190423,3943.352346,3354.469703,9405.647277,1785.965641
6.785343796,79.92581828,8.636584714,426,1858.603375,1689.788971,2125.935004,1874.154272,7673.353914,1735.706516
6.818352832,79.93045116,9.778441186,350,592.423683,2223.673821,1624.602608,1822.902799,4096.426242,891.9313232
6.756449684,79.96079988,5.763085535,600,2853.803839,6478.372445,3681.08989,4859.725813,10164.41164,3407.97958
6.764412817,79.94527898,7.865480078,140,1649.228013,4725.007845,4171.568869,3483.073412,9586.96511,1911.270786
6.776664816,79.95151774,9.604194477,175,403.8019268,4169.962288,2915.206768,2388.227594,8107.238263,1076.79989
6.770985895,79.94518941,7.918819542,450,998.5682856,4123.063568,3811.198066,2758.296903,8856.520782,1187.413252
6.767286192,79.92738125,8.746845949,800,368.0205914,3696.279987,4139.603259,3485.151843,9550.690512,2355.000577
6.785043796,79.92531828,8.137799103,350,1882.063424,1710.411857,2150.72929,1901.111042,7723.193509,1797.445203
6.780148115,79.9734137,7.606756544,400,2731.207987,6107.499436,694.755132,3976.214894,7506.436559,3375.116474
6.856575014,79.89532011,8.175914583,400,524.0535899,1676.374057,2087.360612,3527.934028,2202.131636,1690.897172
6.815340705,79.92714534,9.833374483,165,853.5275031,1778.584831,1137.818511,1406.615354,4570.8901,629.808396
6.7706107,79.94717457,8.055825378,810,970.5369068,4294.964985,3632.52664,2843.630192,8881.571221,1288.430224
6.791762936,79.91232272,9.790431142,472,672.2773815,1445.972761,1804.358228,1704.592262,7338.627926,1010.663827
6.790544578,79.96907465,6.544288513,400,2578.55106,5314.158969,941.2385327,3158.376416,6332.088607,3047.67591
6.807586409,79.93052979,10.82281621,150,528.5694477,1238.42355,941.5855905,799.5452953,5172.645288,318.1400437
6.791117893,79.91353338,9.097934754,600,764.6062297,1396.066738,1779.232848,1659.20764,7399.216518,1043.518142
6.776536443,79.93758875,7.652095378,740,1290.531822,3127.669279,3493.30455,2139.432208,8318.669745,822.3324942
6.840655985,79.94183409,7.643743964,538,1069.494153,1393.37453,1354.383755,2002.707973,1316.028075,3481.404146
6.807499301,79.93833351,10.39453342,171,952.4872944,1966.047295,1770.033546,1377.019019,4915.115243,997.686047
6.804783428,79.9373254,9.254207335,290,1067.365583,1752.689952,1620.968999,1121.834372,5235.018872,861.7370293
6.806386243,79.90934966,8.996915218,332,997.2469857,1599.112711,1355.656819,1665.223471,5768.080286,954.2823965
6.776911711,79.92477138,7.892824359,171,1292.798026,2596.322849,3044.647543,2748.731911,8600.330216,2101.739045
6.849316657,79.90875589,7.361687695,560,964.3346232,2348.578813,966.9512075,1833.632652,1395.685951,3036.374226
6.850349926,79.90824091,8.558540324,500,905.1044738,2434.119528,918.4483099,1932.265687,1370.471684,3162.519179
6.839027057,79.94105915,7.08010505,350,1251.05233,1435.500247,1529.160478,1950.587849,1515.024353,3309.513479
6.836240646,79.94363311,8.168813417,250,1310.760614,1437.592579,1545.302094,2312.390108,1673.737767,3263.223031
6.775847018,79.94796706,9.616086293,400,382.9666969,3931.599726,3317.622549,2309.427411,8297.167417,825.4813355
6.813862555,79.93561213,12.17835135,331,183.2045591,2130.79904,1753.329507,1691.780724,4318.386638,751.6643167
6.796947249,79.92172783,8.929744612,475,546.5167046,357.6119221,814.6200225,607.78807,6656.705135,590.2840436
6.821328509,79.91865476,12.8601998,240,319.2059163,2394.686679,1440.440044,2176.653181,4018.987914,138.8230715
6.818144547,79.91672346,13.14020168,176,134.859782,2099.325981,1371.136256,1939.763588,4376.608205,295.2932657
6.777404818,79.91995094,6.188567169,800,1669.662878,2539.892906,2997.294416,2773.351973,8727.691456,2598.147586
6.757213327,79.93040102,7.907340825,240,1078.031305,4857.947929,5297.077656,4416.981383,10572.36774,3045.043069
6.815936632,79.91414055,9.873027699,515,506.9933271,1979.853943,1307.57797,1874.061568,4641.926912,650.8388172
6.832451146,79.91098477,10.95850682,260,1412.392825,2412.673459,801.0262992,1865.90988,2898.136466,1189.842282
6.832716729,79.96097171,8.114328108,300,1313.093657,1495.803809,1903.264733,4271.632794,1855.987443,4264.875043
6.786488214,79.93360584,8.55451468,100,1309.053873,1971.275591,2311.756001,1299.839529,7311.274973,1193.883316
6.768213142,79.94369461,8.599200849,244,1348.41472,4274.841451,4099.74574,3042.846557,9172.691573,1474.547701
6.812720313,79.92923846,10.00632622,487,683.9822833,1602.117006,1081.97102,1188.907138,4713.336373,270.8666466
6.805041875,79.93021217,8.87108535,470,430.6129583,1038.955155,833.3896635,616.8399672,5448.195787,593.2079483
6.830798073,79.95272711,7.677794302,352,1564.091844,1488.6752,1837.834208,3474.998234,2247.830497,3414.434243
6.785198997,79.91153497,8.753113457,233,1401.37405,2045.288139,2453.76311,2310.866331,8073.919326,1735.333822
6.792732429,79.97881699,6.651602024,1104,3656.405356,6343.761295,829.8001636,4205.829217,6190.047356,4115.895418
6.813362555,79.93511213,12.35452758,150,218.5192932,2052.133902,1678.840891,1613.128371,4389.335228,675.511125
6.794836997,79.91080488,10.46097939,111,349.7665934,1405.350788,1686.933384,1641.55451,7016.161075,795.124455
6.827044043,79.92696032,8.758808077,100,1383.549678,1922.442236,1514.258914,1809.717208,3517.209096,1260.557941
6.826227904,79.92517204,8.911030576,401,1178.060198,2046.982771,1521.496736,1874.740662,3556.66175,1045.741702
6.787733433,79.98521557,5.327830903,500,4153.05321,7136.49895,1039.483684,4981.297609,6891.67306,4736.930748
6.805194779,79.91446273,8.391550856,550,872.4548185,1037.456609,805.930496,1082.980282,5829.604525,553.5773795
6.817002592,79.93602516,11.13600082,142,231.93697,2422.749661,1972.754666,1987.164121,3973.939793,1010.217978
6.837538282,79.96354868,10.42837673,378,982.6253389,1303.226722,1679.783372,4443.460097,1247.716859,4818.154982
6.840112484,79.95404836,10.72346716,250,581.7389742,447.3822481,830.700468,3359.902529,1320.052126,4268.038025
6.795063421,79.92216972,9.509498743,450,747.3852182,562.0146518,1018.461237,795.3065048,6823.89693,792.661601
6.777230333,79.99479709,5.867086881,560,5112.722642,8460.556128,2290.657287,6307.26981,8332.18961,5770.332068
6.796751045,79.92352871,9.794493099,360,564.3638759,399.0399351,833.5290568,589.933783,6589.784275,610.8771644
6.815103649,79.94466059,6.484898219,450,1095.509629,2997.002818,2720.521486,2223.233963,3962.234061,1731.895635
6.838300145,79.89313866,11.75053425,300,1005.004623,3633.292878,2004.590212,3473.088986,3518.641143,3060.219571
6.780748115,79.9737137,8.007228355,216,2768.008235,6114.762998,620.1400709,3978.519503,7442.222512,3406.27443
6.789726144,79.95043463,6.811363762,220,1187.734636,3338.872862,2886.249138,1216.424756,6739.763168,1040.105513
6.81951085,79.94164158,8.126060659,341,892.0339044,3049.291733,2647.651646,2610.081573,3530.447827,1661.983373
6.807240685,79.92981329,10.60959255,139,440.1702564,1153.788124,853.1477805,714.5674054,5239.071854,347.0855437
6.809944261,79.9243469,11.87697261,350,560.3600723,1117.702803,470.2596043,792.5370509,5246.032918,612.3954306
6.756496332,79.93380975,7.49867916,133,1209.098194,5019.635458,5448.920828,4408.451355,10586.13011,2963.18033
6.829730033,79.9580452,6.092697291,455,1589.551757,1668.218699,2066.321876,4067.797498,2305.88669,3807.40479
6.802502211,79.92001176,11.30134038,306,312.3243651,366.5812692,356.5948218,410.6200234,6116.414292,296.208793
6.794311145,79.93054135,8.671558215,280,1149.630474,1123.160646,1400.82619,1126.88809,6560.882127,686.0547313
6.834911322,79.94331153,7.576415845,450,1457.469038,1559.146864,1685.832771,2331.862825,1825.438841,3116.107347
6.822853468,79.90832963,12.05265751,266,1162.17979,2968.341268,447.1438681,2842.470362,4006.022166,853.3786387
6.773371182,79.93673443,9.906599474,450,987.1533112,3382.200205,3767.208795,2503.231941,8680.973183,1145.128106
6.765295011,79.92793579,8.780385466,420,352.3145865,3924.763515,4367.25198,3660.405358,9751.107607,2466.052561
6.850649926,79.90874091,8.822537529,520,844.1997381,2390.6525,855.6565474,1896.62563,1305.779903,3180.065396
6.818275656,79.92735161,7.51221985,500,893.9519505,2098.065619,1432.272392,1732.869078,4281.97704,923.0412684
6.756811178,79.93521366,8.456503272,395,1231.148037,5028.229928,5452.487714,4347.716066,10528.68255,2878.949116
6.77622571,79.95115656,9.655134001,181,413.1535994,4169.660319,2970.07062,2412.1989,8164.272148,1067.869185
6.796591119,79.92357148,9.282516036,230,582.6923523,417.3813279,851.7334991,607.6125868,6603.954731,629.2048705
6.821870984,79.93923185,8.136742183,350,880.4438565,2719.593252,2587.239523,2634.416181,3345.657006,1653.285179
6.777242492,79.92768725,9.530196288,178,1197.653533,2614.819781,3049.650082,2516.071509,8471.521333,1778.479677
6.775110079,79.95113575,9.429339943,170,515.8501586,4248.108423,3018.928856,2521.8358,8285.36748,1138.418112
6.780725382,79.95358877,9.549300046,504,551.3150686,4097.261221,2564.826903,2146.358384,7614.606256,1169.016412
6.776657975,79.94057504,8.264909151,687,965.8413514,3309.649149,3650.520998,2090.521611,8263.899014,603.3230477
6.784941008,79.90906986,6.635894271,277,1463.445639,2238.388159,2627.100209,2502.943102,8132.592129,1849.308885
6.769990716,79.96040714,7.25452177,522,1638.567246,5406.273084,2476.277683,3553.252302,8669.151834,2308.996055
6.852667358,79.89300569,8.732172584,183,525.7675276,2042.032221,2376.927622,3610.371679,2587.177664,1893.037584
6.8017162,79.91814589,10.97026161,156,508.7796277,493.4242422,580.1095554,616.2726447,6200.953341,343.1508128
6.777289444,79.92488293,7.013343968,340,1323.106448,2555.915203,3003.702768,2709.066055,8556.519733,2079.931674
6.793864002,79.91548792,12.48539283,290,592.8369738,1026.998128,1404.211096,1288.214163,7081.53789,717.1294435
6.821489314,79.89965628,6.834889634,350,2050.954061,3463.12637,977.7553467,3437.869653,4507.059304,1826.040197
6.853656382,79.89546106,9.362436131,269,629.0499693,1991.019332,2090.300974,3387.272086,2521.991715,1949.056746
6.795981797,79.91178233,11.85557546,186,201.4290638,1255.301132,1523.093735,1485.53611,6877.37948,627.645211
6.791156929,79.91452284,9.072772596,276,794.1663777,1318.389529,1714.602555,1583.067186,7387.793055,1022.945801
6.787732973,79.90936635,9.039976604,121,1153.449416,1990.522522,2359.592091,2252.185831,7820.273975,1552.010602
6.770609844,79.91687811,8.636357499,135,1588.695146,3337.244525,3793.625137,3579.059329,9556.322605,3157.868359
6.775834005,79.9427784,9.226818945,246,774.0062507,3535.362247,3863.732283,2189.194752,8333.239083,626.2476176
6.770145102,79.94557973,6.955388378,450,1068.7829,4223.50901,3813.881849,2857.845346,8948.391582,1287.867806
6.801338125,79.91712869,10.66226108,270,623.6890756,589.221239,699.8634252,732.629777,6244.370114,223.7014725
6.79252787,79.91585167,8.886850448,400,733.1417661,1106.356221,1507.397224,1371.257147,7228.414255,867.1742743
6.787811965,79.91316999,8.673146134,181,1119.278158,1703.212315,2110.953225,1968.768237,7769.010105,1412.429125
6.835157697,79.93699259,7.125325991,495,1875.292029,1323.818561,1853.493275,1691.328374,2126.37203,2693.99838
6.774402953,79.94444256,9.999306393,183,724.605764,3776.669171,3740.963199,2369.695877,8480.504834,798.3482956
6.784640342,79.92092266,7.157934054,347,1775.255338,1728.202058,2185.526652,1961.233386,7940.425148,1848.379728
6.793387629,79.92259403,9.316476459,400,931.4438829,749.1429626,1203.099564,971.4034954,6973.413838,977.3091249
6.819502004,79.93263213,8.347064371,550,526.5147409,2445.422998,1877.57212,2031.52955,3869.590706,1063.694645
6.769979564,79.94350924,7.520806562,644,1184.131302,4101.20617,4028.223684,2845.240444,8977.691127,1277.344558
6.774339955,79.9436434,10.91925491,447,792.6897737,3724.619291,3827.067102,2364.392286,8492.532271,793.6560624
6.861767,79.89019704,12.57210383,100,560.9774368,1010.900467,2728.470442,4299.089649,1561.413523,879.6787359
6.804069011,79.93044051,9.287372626,161,475.8319781,1008.918808,853.854553,607.6035681,5539.685577,703.1996995
6.793987629,79.92229403,9.498010186,566,865.8718609,681.5760234,1137.282118,910.2315827,6926.519392,911.40623
6.777432742,79.92327612,8.728384847,487,1431.699979,2525.950134,2978.813112,2739.48262,8597.691503,2251.349579
6.797034701,79.95138273,9.693610111,220,1189.299452,3256.029653,3018.610044,1156.319376,5934.636161,1137.969829
6.816866243,79.93338104,9.386661681,228,236.0417765,2236.00148,1730.593807,1809.306752,4098.715118,824.4188713
6.814758927,79.92084533,12.12698438,292,539.0414431,1637.312983,889.2292001,1406.265652,4758.141166,747.3979906
6.810011161,79.91236236,6.417995916,1400,1131.902019,1559.042295,1080.6202,1539.008161,5319.289723,1131.241293
6.793911145,79.93014135,8.742149484,252,1200.768819,1114.049536,1409.74143,1142.270981,6616.817368,746.295229
6.82818378,79.90738653,8.682200408,460,1572.1306,3011.716966,189.4109533,2478.817107,3475.391845,1118.052401
6.805694779,79.91496273,7.794518082,750,943.9049517,1024.024369,740.5675439,1050.672911,5770.26988,601.249485
6.823070779,79.90526805,9.477717774,329,1487.460002,3179.236709,426.7726565,3045.476726,4090.845624,1193.87496
6.759886346,79.94044839,5.082510476,934,1339.165211,4911.071237,4901.458995,3956.418079,10122.7941,2417.730117
6.79512838,79.93493168,10.43928612,290,653.3504029,1512.90505,1689.319455,688.6507391,6341.773419,255.1960574
6.796882335,79.92480333,9.023703527,300,590.0220172,456.0791605,846.2173326,588.6543978,6518.224195,635.218899
6.793965163,79.92464881,8.687953728,200,893.2869482,733.0553728,1158.582544,906.1818211,6823.286032,939.6356317
6.762919424,79.92856245,7.627168089,581,500.8122569,4196.920968,4638.604226,3878.380057,9992.737897,2621.279845
6.822218658,79.95237242,6.280482111,300,2099.366598,2443.501623,2791.037976,3232.195763,3180.719238,2833.499802
6.761656231,79.93697181,7.379523289,480,912.392887,4580.443377,4991.715651,3786.942362,9968.370365,2305.998145
6.829995535,79.93074325,7.956562904,280,1696.269944,1586.406882,1504.704932,1633.834632,3009.490247,1793.678863
6.766164383,79.92785769,9.737267365,400,322.9822685,3827.898795,4270.227073,3575.560589,9659.115807,2402.57969
6.78353587,79.91006986,6.082028458,348,1598.683026,2290.841866,2696.344422,2556.404843,8274.640673,1958.223158
6.797257856,79.93011896,9.235888522,280,963.7009382,928.1616946,1126.129483,836.0192997,6264.195465,656.122207
6.78788015,79.93441045,8.729310264,352,1131.909546,1916.760591,2231.863233,1124.075641,7140.452615,1027.619167
6.776762051,79.93479497,8.894190026,150,1189.694604,2947.713003,3334.761964,2193.770928,8344.406369,1061.951077
6.782641594,79.91369694,8.770872199,142,1697.395169,2165.914228,2600.698638,2428.20428,8339.017947,1974.83364
6.77582571,79.95075656,9.305450546,100,425.7603947,4164.208196,3027.681677,2431.765462,8218.230235,1056.577869
6.77807442,79.94826226,10.69628921,300,139.6997663,3790.707543,3211.694987,2089.394725,8050.111531,685.7707294
6.796310714,79.94408426,10.68408342,250,373.5316322,2462.530633,2529.544413,344.4892604,6050.495397,411.3572916
6.772614412,80.00166542,5.382478911,423,5917.428219,9347.487927,3202.718397,7199.964693,9095.17391,6589.162465
6.805069011,79.92964051,9.655772101,209,366.961232,987.1862335,770.5724348,560.2311336,5469.292063,589.1024661
6.756379829,79.93547755,5.791735119,270,1286.986876,5082.638735,5506.400767,4390.876061,10572.1928,2916.008806
6.835740646,79.94403311,8.538862842,211,1338.494101,1438.07602,1564.216233,2372.943734,1713.61937,3235.731992
6.773827424,79.92323818,7.299333112,500,1130.190481,2926.599352,3379.805068,3120.507567,8979.369489,2367.908419
6.772214412,80.00206542,5.230549054,450,5967.200892,9404.149145,3262.719991,7257.353749,9153.850076,6639.916555
6.795281939,79.91711141,5.799118771,760,644.981358,787.2727959,1172.757761,1049.055551,6918.10247,590.7690731
6.785240342,79.92062266,7.105939433,220,1701.364096,1665.077579,2122.488892,1901.000651,7891.830722,1774.34764
6.783437545,79.93658006,8.199295515,667,1449.421632,2444.121473,2775.960725,1427.428201,7578.244729,759.058782
6.776936443,79.93718875,7.684404645,826,1324.875715,3066.133977,3433.109565,2104.478879,8281.192344,828.3440737
6.804100207,79.91908219,9.786459343,506,481.2332021,568.7063128,404.9127999,559.5212781,5936.301668,451.5989724
6.828228541,79.90605854,9.468575873,276,1514.172918,3129.33107,202.2539022,2587.648678,3525.172615,1249.312035
6.792162936,79.91272272,9.613378602,340,632.9082371,1383.285083,1741.674161,1641.731171,7290.379478,954.0840812
6.774496855,79.94289991,9.837007276,237,844.5550282,3658.766649,3899.500752,2338.580735,8480.629705,774.2971034
6.80197853,79.93184027,11.71330944,140,715.1438717,1083.661989,1039.656597,754.7718511,5705.251078,710.1924571
6.754392762,79.93264004,6.479471683,383,1408.677923,5215.960526,5650.317304,4663.250751,10837.72437,3228.189811
6.795781939,79.91661141,6.348099034,579,571.3568175,793.8339173,1157.889625,1050.788622,6863.785282,521.3462031
6.835258488,79.94303191,6.714787774,376,1438.839669,1557.958942,1672.833681,2288.331074,1798.730776,3135.333476
6.781151955,79.95878813,7.901738498,1181,1123.709578,4577.114588,1991.706427,2528.704193,7460.439633,1745.02842
6.791235014,79.94196762,11.69668982,110,528.228828,2402.854085,2578.601089,477.3387092,6634.724893,239.1645866
6.795382787,79.91216513,11.05229005,202,269.5641845,1242.501536,1531.075138,1479.991839,6939.334561,655.793182
6.834386393,79.9120664,10.31580704,197,1374.113641,2198.099527,1046.61561,1639.189793,2658.235127,1339.745967
6.779976805,79.95102253,9.792497504,195,254.3229503,3904.629172,2861.741763,2043.370498,7763.56748,895.8660462
6.819572186,79.95126113,8.033351901,140,1890.29847,2747.627413,3086.431628,2912.834397,3458.768515,2594.917794
6.788822065,79.92935935,8.202688222,300,1488.9786,1482.763313,1863.078547,1500.780415,7183.049894,1186.155216
6.803689614,79.93028301,9.740729921,231,473.6613566,975.2080522,838.2162352,582.383069,5585.376725,743.8505552
6.742435355,79.93922981,6.831314919,500,2883.824261,6688.775216,6331.073816,5901.099103,12068.92778,4362.597237
6.829041725,79.93752296,7.685952787,314,1557.863073,1919.929178,2173.841463,2165.8346,2676.826725,2247.69087
6.823384284,79.92067969,8.431381219,400,620.6584761,2500.922659,1582.417957,2217.378706,3799.251166,457.6613714
6.775470128,79.95165281,9.584089759,120,513.4943355,4265.893221,2950.30542,2512.300468,8232.94442,1160.666893
6.778178569,79.92323134,9.032964224,462,1503.126407,2442.828868,2895.747644,2656.598669,8520.877175,2241.257805
6.832429841,79.91034104,10.3000874,290,1362.668895,2474.484314,759.8109735,1923.44878,2921.339124,1223.020647
6.772182417,79.93596673,7.177384917,1135,832.7175134,3460.698772,3854.735979,2650.228436,8824.725014,1301.962021
6.788933912,79.92753699,6.76074164,540,1524.270992,1374.484449,1780.748894,1521.421332,7233.518611,1313.571703
6.818105776,79.928358,8.242804915,548,783.2900565,2112.991167,1470.084174,1733.968341,4237.977579,877.3388728
6.838204146,79.94474208,9.779868809,307,1059.86698,1210.437627,1297.138528,2370.445806,1428.401129,3514.055308
6.837110455,79.93668308,5.894861816,509,1764.825522,1142.591249,1778.980255,1558.34873,1978.400995,2785.648823
6.78838483,79.93338015,8.662376546,613,1166.293319,1796.661233,2120.47239,1164.63269,7111.637621,1018.354621
6.786088214,79.93400584,8.962091814,164,1318.786579,2033.957897,2372.987761,1306.844037,7344.847251,1136.413916
6.781810278,79.92455681,7.908250075,261,1792.952104,2052.147282,2499.412411,2254.203695,8090.786591,2064.357139
6.786699173,79.92513647,6.716415852,650,1696.980851,1525.953535,1965.502315,1715.838681,7556.592,1678.425749
6.830495535,79.93044325,8.469995082,294,1758.882296,1527.786528,1442.508522,1569.090556,2989.641615,1799.913163
6.786613944,79.92357735,8.147211291,526,1687.70957,1508.904027,1958.934211,1717.629278,7626.487889,1733.998157
6.832813336,79.90943982,11.78684805,260,1262.439009,2538.675979,752.460875,1978.744584,2913.125556,1312.771183
6.768511752,79.95175302,9.585334137,140,1227.37967,4807.893585,3319.978621,3221.436245,8985.547124,1731.647696
6.786247206,79.9240947,7.604679373,250,1732.586064,1555.940905,2003.230948,1759.020608,7644.029226,1778.995278
6.804821212,79.92011257,9.308951375,300,447.4434209,576.6910832,270.2601525,502.0577398,5858.898496,408.474565
6.821048661,79.93170148,7.969268121,950,727.0734125,2554.285587,1948.407345,2152.070411,3766.76424,1207.232778
6.773644132,79.9510671,9.580722098,140,660.3629105,4351.039631,3093.678468,2665.921236,8445.694014,1240.65583
6.774619999,79.95106065,9.021847804,150,560.4924016,4277.756735,3048.444584,2567.242607,8340.32344,1166.650698
6.8012162,79.91764589,10.61383735,270,567.60285,530.0987205,655.9073299,677.1791218,6256.99158,269.3442333
6.834858488,79.94273191,6.36901949,500,1494.086728,1612.03475,1728.465135,2274.898143,1851.82406,3080.390724
6.771905515,79.94343758,7.348458614,829,1009.817934,3923.173827,3946.660955,2631.17687,8764.29488,1062.909687
6.77857442,79.94786226,10.23812815,230,131.4581532,3720.806313,3240.358329,2021.10804,8005.371345,618.4493298
6.782995129,79.91110903,5.898377496,618,1648.304028,2274.359999,2690.386727,2539.694156,8322.516542,1984.692741
6.822853366,79.93510563,9.294275871,289,840.5627234,2460.579248,2339.754554,2486.554931,3413.430979,1508.666441
6.795229431,79.92398346,7.974626559,360,739.9262261,575.4800935,1007.773751,759.7871515,6723.295222,786.4130939
6.776568099,79.94840998,9.841638118,398,293.6506583,3913.411475,3244.935709,2251.154463,8206.407884,802.1818305
6.776447018,79.94756706,10.10227373,485,336.0466436,3853.445542,3338.208272,2231.807623,8242.352077,745.9551691
6.805283428,79.9370254,9.762490298,249,1131.318313,1738.446831,1590.804165,1185.973084,5188.963813,911.9012004
6.753919223,79.92703906,8.178332741,270,1499.466654,5166.901451,5614.884502,4877.837615,11006.99944,3546.988999
6.790645462,79.92509267,7.898579681,120,1264.346654,1098.907475,1530.842517,1278.806425,7147.317191,1310.794712
6.784748076,79.96120637,8.641471084,290,1505.014461,4656.179629,1658.547919,2532.388699,7027.713286,2046.870195
6.78403587,79.90956986,5.523896199,500,1551.771774,2280.37077,2679.063534,2545.703333,8225.742851,1923.328433
6.77650124,79.92694831,5.923009809,450,1145.687741,2677.998091,3117.36652,2631.305657,8573.405598,1880.408935
6.772582417,79.93556673,6.519176076,1300,834.992501,3401.211815,3796.708765,2616.928604,8787.866365,1295.365451
6.80091603,79.92925341,7.91128699,478,587.170886,780.9077835,809.6009924,508.9018612,5914.525034,747.5053691
6.804189614,79.92978301,9.848068855,160,402.0533228,949.963011,780.5498956,540.0123363,5553.971954,686.5730245
6.809070347,79.93271883,11.32152177,113,731.8096382,1530.331453,1231.96166,1092.204429,4929.412943,351.471802
6.814292972,79.92180245,10.48476549,300,647.6074896,1578.557857,834.7077702,1324.085575,4817.319787,846.8830201
6.824193899,79.92353356,8.66446779,190,888.8334211,2311.456858,1695.970426,2097.071728,3745.405579,768.2216731
6.82546413,79.95869663,7.175776057,220,2067.215174,2145.164419,2540.288292,3871.358711,2691.933489,3624.364824
6.804421212,79.92041257,10.29706872,363,391.9317563,522.434695,259.0364817,448.6266583,5904.607731,353.3124802
6.851042321,79.9068247,9.314855072,290,961.4351357,2607.197554,989.3700339,2107.629367,1462.953509,3035.189621
6.78029991,79.94435149,9.508027214,539,520.1254896,3300.00877,3582.353044,1722.552648,7825.900422,188.7434039
6.805650559,79.91315909,8.695020588,284,886.0864159,1187.270862,939.7224142,1236.632884,5791.573668,644.5920515
6.816892212,79.92013368,9.324341197,300,314.797166,1882.083788,1133.991242,1656.426107,4516.971444,503.2563156
6.78642834,79.9094659,7.60777255,350,1292.386776,2086.012239,2467.353367,2349.630906,7962.897699,1679.663633
6.806476048,79.93449672,10.30711755,363,915.1913381,1532.483544,1329.03612,1118.641953,5137.679036,675.0992828
6.813416636,79.91480353,7.515866195,850,666.7463219,1697.942289,1049.884778,1604.156231,4914.586611,862.8569885
6.776780435,79.9392879,10.53486524,300,1100.366244,3212.530761,3563.138856,2085.949019,8266.605826,671.4546383
6.815436632,79.91384055,9.193433325,600,567.0017576,1946.435591,1286.730875,1848.03612,4700.695275,715.4521645
6.769111752,79.95215302,9.702625015,160,1176.030214,4790.06298,3245.156621,3176.388283,8910.953343,1702.474582
6.781042246,79.9521969,9.279572589,545,423.5143083,3947.374291,2709.006722,2021.565023,7616.273847,1012.378392
6.820002004,79.93293213,8.717622658,520,563.177505,2510.220859,1941.459726,2095.983445,3804.88115,1126.76607
6.793823107,79.94216721,11.48517028,136,272.3065303,2320.666208,2448.621409,214.6765039,6346.050193,61.92729184
6.82758378,79.90688653,8.385504461,350,1579.630769,3096.110517,112.1223147,2564.818782,3557.50306,1134.578143
6.756411178,79.93471366,8.134674423,450,1250.762976,5055.385034,5481.740274,4400.375053,10580.59646,2938.568172
6.775444854,79.94672768,9.590473116,268,478.4472304,3864.184179,3462.549369,2310.679976,8355.354479,780.4665898
6.7835453,79.91075806,5.977212467,260,1589.779456,2245.414317,2656.236558,2510.962774,8265.465997,1935.390888
6.775532265,79.99697089,4.831592751,750,5365.295552,8748.723074,2590.179068,6597.780558,8594.880846,6029.133681
6.781599223,79.93157589,8.198993339,140,1638.750763,2304.979509,2700.362644,1870.107221,7892.666042,1283.113163
6.780001278,80.00269278,4.575498104,400,5987.417041,8967.866177,3030.842434,7063.555739,8399.968872,6631.639792
6.785498997,79.91103497,8.457864595,190,1370.719694,2051.746001,2454.102797,2317.201338,8046.09063,1717.914093
6.822906121,79.93007907,7.234316743,677,996.6154528,2368.106465,2029.372783,2297.490042,3684.750525,1396.170997
6.797160491,79.92511617,10.45947958,295,576.9438515,455.4815317,826.9922426,567.2994842,6475.921878,621.2099159
6.773802953,79.94494256,10.35333616,142,740.4887641,3863.556601,3712.142949,2444.734547,8544.520901,875.3126671
6.791617893,79.91323338,9.493076898,733,702.8502214,1380.878391,1753.921696,1642.302219,7346.21925,996.6130238
6.826475464,79.95943995,7.535513066,158,1962.120419,2059.797569,2459.351305,4010.278064,2555.329059,3750.317347
6.784998997,79.91073497,8.330249827,297,1428.825042,2116.204268,2518.968987,2381.684647,8104.843861,1780.788878
6.830198073,79.95312711,7.223367837,400,1612.891877,1552.208665,1906.858651,3542.37603,2322.81557,3404.100021
6.770291715,79.9515522,9.533367595,247,1030.767176,4649.337381,3228.185505,3029.484306,8796.899594,1557.247384
6.793071416,79.93473763,9.260789053,480,737.0902457,1592.113571,1819.605205,756.7144914,6569.366136,475.5360913
6.823793899,79.92313356,8.666783267,247,825.8943292,2366.654357,1732.649732,2143.086882,3782.803574,707.3383096
6.813473038,79.95033918,7.369884784,331,1739.075093,3433.406534,3236.014796,2253.824208,4128.148697,2307.47751
6.780542246,79.9518969,9.045589762,450,368.4166705,3949.665452,2753.024962,2046.17591,7678.359168,983.2027709
6.769428,79.95349109,8.39011793,110,1198.31971,4869.80532,3103.426322,3205.064747,8846.698,1767.730695
6.806127803,79.92762611,10.35003188,420,167.5669245,895.2650505,580.9532297,458.339637,5451.532536,531.1866365
6.813917412,79.91572276,7.692515418,747,569.8105249,1700.393211,1022.198695,1589.308003,4851.912001,777.5431366
6.825469886,79.92696807,10.14768288,160,1271.402061,2096.095278,1672.847449,1982.323759,3665.168124,1171.374172
6.783532982,79.91605122,8.014984178,311,1652.550461,1970.706052,2416.558509,2228.153225,8227.877524,1867.924886
6.806840685,79.93021329,10.0902764,160,461.5294513,1157.238466,878.4263225,719.5449703,5262.777771,393.8353638
6.756613327,79.93090102,8.213222082,162,1144.683843,4934.068197,5372.108194,4466.824857,10627.62279,3079.388068
6.784599739,79.91061783,5.983356028,550,1474.263756,2159.481203,2563.579891,2425.00676,8150.384973,1827.081556
6.777261727,79.92223264,7.739528361,258,1486.582731,2542.555098,2997.732509,2762.813844,8653.99315,2368.920351
6.782272805,79.99799655,5.490254981,497,5475.112206,8454.328056,2470.25442,6496.337599,7947.337071,6107.836997
6.784220231,79.95562697,10.08031229,778,937.5455969,4110.044717,2281.971032,2041.046404,7186.375193,1426.609247
6.767273963,79.93156065,10.76971204,255,107.9278715,3796.898386,4224.335763,3309.09236,9449.157798,2034.520313
6.814314016,79.93039165,10.42318987,144,504.4989551,1819.555696,1293.255107,1402.897235,4497.326887,444.2586783
6.833986393,79.9124664,10.05364548,190,1435.754511,2182.330027,1036.33414,1630.477976,2690.123495,1283.443745
6.848816657,79.90925589,7.373134672,603,984.2224356,2281.425615,979.989928,1761.25797,1391.601303,2968.228606
6.833216729,79.96057171,8.500277888,115,1247.195562,1425.079527,1832.598052,4214.017751,1828.850635,4261.764306
6.849262739,79.90566295,9.341315097,139,910.6355013,2682.372667,1212.471169,2153.849102,1675.911224,3085.260839
6.751191871,79.93033722,7.810395329,204,1747.976399,5516.47437,5958.254936,5066.996939,11232.24092,3654.451943
6.788847792,79.9381181,9.70285715,380,830.3813587,2162.433947,2416.694479,805.5514429,6956.060062,651.8339661
6.791840643,79.93154344,7.89923697,437,1117.485191,1381.786333,1687.884235,1137.560886,6791.864761,772.3345507
6.806199607,79.94177361,10.50943639,134,1159.565119,2272.078168,2126.154497,1199.480886,4985.625878,1193.454163
6.783395129,79.91247231,7.736369829,310,1602.870666,2156.63673,2580.874604,2421.194005,8264.92307,1909.878962
6.785441008,79.90956986,6.618037791,310,1397.841378,2159.907284,2549.573156,2424.520505,8070.51972,1776.936863
6.771923615,79.93090363,8.230027036,560,559.708037,3279.934203,3704.513109,2852.378439,8958.189983,1722.728323
6.791256929,79.91542284,9.036126976,447,826.5674426,1246.296136,1653.73391,1511.737454,7371.646965,1007.138823
6.823058419,79.90160746,10.06846475,130,1875.647089,3436.323399,699.8640813,3338.25631,4253.609743,1601.152018
6.816561786,79.9315807,10.73116861,210,386.2618743,2102.357572,1559.464524,1685.474652,4214.498708,716.8271321
6.760825173,79.94476902,5.285395634,400,1708.456211,5036.768031,4455.649373,3872.689572,9987.999773,2302.542446
6.774096855,79.94239991,9.194950443,350,915.7929886,3659.247454,3966.584148,2378.933032,8529.164225,822.233419
6.813914016,79.93009165,9.968388801,130,547.9840724,1764.368712,1239.073834,1348.558016,4552.041522,396.4463717
6.791164216,79.91115244,8.140716386,220,741.615128,1588.883449,1939.849594,1846.200625,7417.813103,1121.928935
6.766193248,79.92093943,9.624365117,171,1085.066362,3777.012375,4233.425377,3953.069969,9866.209997,2994.337089
6.796441962,79.94290368,12.01776688,118,247.9087884,2330.634388,2401.519568,228.3199536,6047.701782,360.9971752
6.756979829,79.93587755,6.205906655,366,1246.659781,5031.964796,5453.691154,4318.584745,10500.07698,2839.280523
6.777481336,79.94829145,9.741925348,148,198.5705411,3836.173786,3226.862024,2151.764304,8112.497718,726.6240516
6.797434701,79.95098273,10.17797318,241,1151.16168,3207.333449,3077.6321,1120.326733,5907.357528,1113.788809
6.78898483,79.93298015,8.617211627,500,1152.922093,1717.636164,2040.239736,1155.247105,7057.412704,969.2097643
6.786199173,79.92553647,6.570980659,450,1759.31518,1589.953327,2027.0065,1775.86745,7593.898215,1686.365432
6.839452389,79.94209978,8.748125476,337,1133.622166,1408.77782,1408.582453,2053.762917,1414.867861,3432.629437
6.795998102,79.91708226,10.26494776,400,611.6615584,737.7127342,1107.992724,995.7839467,6838.498768,514.7823859
6.791036097,79.93854787,9.035430591,450,587.2258806,2072.639303,2287.515643,566.9954258,6708.042699,448.7674605
6.774944854,79.94622768,9.112338447,300,554.8544666,3865.34015,3533.680928,2350.201761,8412.3561,803.0411253
6.815239336,79.92003682,12.36991124,189,443.105586,1701.375782,953.9597835,1488.452423,4700.242988,659.3714952
6.783776065,79.9352233,8.274169479,540,1475.663431,2319.015371,2663.088011,1453.769514,7568.840902,914.4782365
6.797691287,79.91751911,11.84888917,400,626.9842461,594.4112715,927.6759909,839.2744319,6649.329718,374.5956246
6.779252859,79.93968812,8.136226403,630,1023.44642,3022.948025,3355.283359,1807.916016,7988.144971,452.3696792
6.78362866,79.95002132,11.22706386,450,512.5532537,3590.332105,2908.940353,1645.956042,7402.006467,806.474854
6.794630176,79.94798886,8.391163846,188,815.022891,2924.687004,3001.986676,770.2787319,6218.904485,699.2045366
6.835755323,79.96432525,9.431214814,182,1188.925083,1490.752229,1876.40359,4560.088548,1393.088269,4765.48944
6.768880538,79.9300034,9.952037108,165,232.5047375,3579.715476,4012.195595,3203.129812,9310.465806,2020.503796
6.805393432,79.9291822,10.4012845,380,314.9603954,966.8159322,725.6432484,533.0347777,5455.670887,557.3637193
6.780842246,79.9515969,9.005916887,493,354.7294612,3903.426533,2778.838508,1999.579062,7654.270828,947.0294384
6.804788252,79.94222545,9.914185528,528,1010.26525,2279.236431,2165.868477,1047.53163,5134.083081,1095.315633
6.786747206,79.9245947,7.664591888,374,1683.170473,1509.284462,1952.888005,1705.84248,7572.405082,1718.798234
6.792106823,79.92273366,8.172423948,106,1073.848711,892.2619909,1345.510652,1111.382939,7097.31046,1119.828896
6.789740675,79.91179072,8.961119665,458,895.5735822,1641.412318,2017.33209,1903.788918,7568.171543,1242.581035
6.770197093,79.93233571,8.993479956,250,411.3221677,3511.555042,3931.312844,2973.478138,9113.312756,1733.416089
6.817859975,79.92042912,12.063226,196,296.9154467,1985.255835,1237.066673,1748.184279,4411.044027,440.9714231
6.821528918,79.9058937,10.49444941,320,1371.16041,3000.315418,571.1883425,2934.357952,4228.435729,1136.175117
6.786028714,79.92669518,7.387247934,800,1805.181412,1642.270771,2069.35112,1814.1115,7569.745522,1614.438883
6.768957933,79.92069215,7.402141694,163,1133.140842,3470.958999,3927.67797,3696.979968,9582.950355,2855.279103
6.810156049,79.9448883,8.396743011,145,1258.522754,2752.383107,2548.430297,1690.446748,4507.867288,1675.007804
6.767786192,79.92768125,9.18707093,751,346.4760047,3646.669034,4088.77721,3420.522671,9488.607473,2293.044423
6.813935067,79.932285,11.30099165,230,320.2168878,1898.397801,1436.550272,1467.724598,4446.307093,482.1918454
6.787524259,79.98775012,6.037621132,716,4423.04307,7340.20895,1313.047494,5263.158949,6993.967519,5012.830446
6.851442321,79.9073247,9.475702857,307,890.2191596,2567.731674,918.2543317,2077.002531,1392.73774,3031.078447
6.850078215,79.89306359,9.948649595,300,530.6094229,2328.513433,2434.810696,3529.304647,2874.465099,2153.200737
6.806294134,79.92990406,9.590371512,789,409.6482231,1091.932679,827.0290937,655.559359,5332.141334,452.4580124
6.776932742,79.92297612,8.38531849,300,1406.577089,2580.313066,3033.948643,2795.835713,8661.155663,2295.61553
6.780225382,79.95318877,9.266775697,550,493.0743829,4089.324969,2620.85728,2161.140392,7678.793892,1129.989659
6.837138282,79.96314868,10.27344003,290,986.9341008,1292.959052,1675.791147,4405.791574,1307.985461,4755.579238
6.755896332,79.93350975,6.890561087,270,1264.385569,5075.886697,5506.602112,4480.264902,10657.23093,3037.401222
6.776132265,79.99747089,4.717624161,877,5416.203491,8781.068699,2612.043165,6628.274422,8553.363045,6077.569792
6.840541117,79.91328275,8.365745826,586,1288.407538,1819.547197,853.045712,1223.49889,1962.458974,1974.361735
6.812292179,79.92458732,9.793637857,257,799.7433488,1379.131449,699.9349223,1050.796999,5008.791946,622.2095082
6.783598368,79.91091635,7.282089603,443,1582.596808,2230.538619,2642.324675,2496.065473,8257.81966,1925.060721
6.773008947,79.93911623,10.22691434,240,1160.227555,3550.113804,3919.689767,2505.537547,8685.486525,1039.155664
6.832051146,79.91128477,11.48621998,164,1467.207996,2409.288579,785.8146886,1868.937595,2931.801896,1134.915368
6.821530501,79.94561433,7.625001708,540,1386.822263,2676.786543,2954.944803,2945.871393,3240.161814,2151.030385
6.825918541,79.95118345,5.357980951,236,2133.141147,2048.049363,2380.998576,3571.518106,2755.530744,2939.14056
6.794335857,79.93124986,9.201463621,417,1071.285555,1187.041035,1448.737857,1104.277674,6534.866284,615.7412852
6.798957866,79.91116563,11.57397817,136,152.6703121,1243.381918,1412.722354,1433.713031,6556.158218,494.69514
6.839306454,79.9386258,8.777761761,277,1447.901415,1177.511832,1736.806904,1680.209501,1652.191343,3102.921218
6.834303297,79.96423975,8.28198508,236,1312.261466,1589.79295,1983.972917,4582.245079,1548.202394,4663.699774
6.801158714,79.93975628,10.2953653,188,603.6890245,1947.84163,1920.543462,654.0289251,5575.130816,610.0882867
6.809570347,79.93231883,11.31350328,130,695.8621158,1534.437646,1218.343735,1095.227699,4893.45547,289.9709666
6.820699941,79.93233131,8.749881794,703,660.9680752,2548.909886,1959.160486,2140.916576,3766.918698,1183.48871
6.785543774,79.93930102,8.900716185,628,1155.63168,2492.788652,2774.805314,1119.313847,7299.630206,621.7020398
6.784937008,79.91086209,8.921844905,419,1434.503381,2113.155549,2517.373309,2378.679266,8110.246785,1783.330096
6.752405709,79.92775628,6.754255221,350,1644.718532,5342.95101,5789.847701,5013.380306,11154.82957,3655.447357
6.803500207,79.91878219,9.542972428,600,478.9306892,541.7853329,446.1092188,567.7209799,6002.665895,455.3917471
6.799047831,79.9344581,9.241710155,350,787.6475384,1360.052275,1422.096158,842.3201512,5932.362069,273.1177004
6.768768899,79.9468953,8.518147013,209,1177.614938,4434.288294,3759.059553,3036.361289,9087.291197,1472.856099
6.801635369,79.94682706,7.481474189,400,934.35247,2736.327698,2692.259473,937.7780516,5442.014154,1073.658048
6.77905233,79.95132955,9.901398297,201,272.1463476,3992.150138,2853.782316,2148.570634,7854.566269,953.0362873
6.771583305,79.93175569,8.229127094,500,535.1319605,3344.819165,3765.397364,2851.181645,8975.167863,1673.635989
6.779776805,79.95112253,9.474677192,355,257.999983,3926.527913,2856.041389,2068.110991,7782.272019,911.0992607
6.798437072,79.90910402,10.66850157,250,317.6833539,1477.914299,1646.098968,1670.297239,6645.141752,730.9814474
6.812584956,79.94191297,8.727056683,101,845.5542329,2587.812508,2324.837601,1909.755922,4281.530574,1366.419324
